"","Player","Rk","Pos","Age","Tm","G","GS","MP","FG","FGA","FG.","X3P","X3PA","X3P.","X2P","X2PA","X2P.","eFG.","FT","FTA","FT.","ORB","DRB","TRB","AST","STL","BLK","TOV","PF","PS.G","TEAM","SALARY","EVAL"
"334","Stephen Curry",1,"PG",27,"GSW",79,79,34.2,10.2,20.2,0.504,5.1,11.2,0.454,5.1,9,0.566,0.63,4.6,5.1,0.908,0.9,4.6,5.4,6.7,2.1,0.2,3.3,2,30.1,"Golden State Warriors",11370786,43.7031
"142","James Harden",2,"SG",26,"HOU",82,82,38.1,8.7,19.7,0.439,2.9,8,0.359,5.8,11.7,0.494,0.512,8.8,10.2,0.86,0.8,5.3,6.1,7.5,1.7,0.6,4.6,2.8,29,"Houston Rockets",15756438,34.35008
"202","Kevin Durant",3,"SF",27,"OKC",72,72,35.8,9.7,19.2,0.505,2.6,6.7,0.387,7.1,12.5,0.569,0.573,6.2,6.9,0.898,0.6,7.6,8.2,5,1,1.2,3.5,1.9,28.2,"Oklahoma City Thunder",20158622,37.9326
"89","DeMarcus Cousins",4,"C",25,"SAC",65,65,34.6,9.2,20.5,0.451,1.1,3.2,0.333,8.2,17.3,0.473,0.477,7.3,10.2,0.718,2.4,9.1,11.5,3.3,1.6,1.4,3.8,3.6,26.9,"Sacramento Kings",15851950,31.63941
"228","LeBron James",5,"SF",31,"CLE",76,76,35.6,9.7,18.6,0.52,1.1,3.7,0.309,8.6,14.9,0.573,0.551,4.7,6.5,0.731,1.5,6,7.4,6.8,1.4,0.6,3.3,1.9,25.3,"Cleveland Cavaliers",22970500,34.53668
"75","Damian Lillard",6,"PG",25,"POR",75,75,35.7,8.2,19.7,0.419,3.1,8.1,0.375,5.2,11.5,0.45,0.497,5.5,6.2,0.892,0.6,3.4,4,6.8,0.9,0.4,3.2,2.2,25.1,"Portland Trail Blazers",4236287,28.33894
"24","Anthony Davis",7,"PF",22,"NOP",61,61,35.5,9.2,18.6,0.493,0.6,1.8,0.324,8.6,16.9,0.511,0.508,5.3,7,0.758,2.1,8.1,10.3,1.9,1.3,2,2,2.4,24.3,"New Orleans Pelicans",7070730,31.4706
"88","DeMar DeRozan",8,"SG",26,"TOR",78,78,35.9,7.9,17.7,0.446,0.6,1.8,0.338,7.3,15.9,0.458,0.463,7.1,8.4,0.85,0.8,3.7,4.5,4,1,0.3,2.2,2.1,23.5,"Toronto Raptors",10050000,24.23342
"316","Russell Westbrook",9,"PG",27,"OKC",80,80,34.4,8.2,18.1,0.454,1.3,4.3,0.296,6.9,13.8,0.503,0.489,5.8,7.2,0.812,1.8,6,7.8,10.4,2,0.3,4.3,2.5,23.5,"Oklahoma City Thunder",16744218,31.35468
"290","Paul George",10,"SF",25,"IND",81,81,34.8,7.5,17.9,0.418,2.6,7,0.371,4.9,10.9,0.447,0.49,5.6,6.5,0.86,1,6,7,4.1,1.9,0.4,3.3,2.8,23.1,"Indiana Pacers",17120106,26.8471
"131","Isaiah Thomas",11,"PG",26,"BOS",82,79,32.2,7.2,16.9,0.428,2,5.7,0.359,5.2,11.2,0.462,0.488,5.8,6.6,0.871,0.6,2.4,3,6.2,1.1,0.1,2.7,2,22.2,"Boston Celtics",6912869,24.5952
"210","Klay Thompson",12,"SG",25,"GSW",80,80,33.3,8.1,17.3,0.47,3.5,8.1,0.425,4.7,9.2,0.51,0.569,2.4,2.8,0.873,0.4,3.4,3.8,2.1,0.8,0.6,1.7,1.9,22.1,"Golden State Warriors",15501000,26.87387
"54","Carmelo Anthony",13,"SF",31,"NYK",72,72,35.1,7.9,18.2,0.434,1.5,4.3,0.339,6.4,13.8,0.463,0.474,4.6,5.6,0.829,1.4,6.4,7.7,4.2,0.9,0.5,2.4,2.5,21.8,"New York Knicks",22875000,25.24524
"34","Blake Griffin",14,"PF",26,"LAC",35,35,33.4,8.6,17.2,0.499,0.2,0.5,0.333,8.4,16.7,0.504,0.504,4,5.5,0.727,1.5,6.9,8.4,4.9,0.8,0.5,2.4,2.7,21.4,"LA Clippers",18907726,27.33192
"194","Kawhi Leonard",15,"SF",24,"SAS",72,72,33.1,7.7,15.1,0.506,1.8,4,0.443,5.9,11.1,0.528,0.565,4.1,4.6,0.874,1.3,5.5,6.8,2.6,1.8,1,1.5,1.8,21.2,"San Antonio Spurs",16407500,30.0128
"163","Jimmy Butler",17,"SG",26,"CHI",67,67,36.9,7,15.4,0.454,1,3.1,0.312,6.1,12.4,0.489,0.485,5.9,7.1,0.832,1.2,4.2,5.3,4.8,1.6,0.6,2,1.9,20.9,"Chicago Bulls",16407500,25.2103
"197","Kemba Walker",18,"PG",25,"CHO",81,81,35.6,7,16.4,0.427,2.2,6,0.371,4.8,10.4,0.459,0.495,4.6,5.4,0.847,0.7,3.7,4.4,5.2,1.6,0.5,2.1,1.4,20.9,"Charlotte Hornets",12000000,25.3044
"49","C.J. McCollum",19,"SG",24,"POR",80,80,34.8,8,17.9,0.448,2.5,5.9,0.417,5.6,12,0.463,0.517,2.3,2.8,0.827,0.6,2.7,3.2,4.3,1.2,0.3,2.5,2.3,20.8,"Portland Trail Blazers",2525160,23.90091
"22","Andrew Wiggins",20,"SF",20,"MIN",81,81,35.1,7.3,16,0.459,0.7,2.3,0.3,6.6,13.6,0.486,0.481,5.3,7,0.761,1.3,2.3,3.6,2,1,0.6,2.2,2,20.7,"Minnesota Timberwolves",5758680,21.07742
"110","Eric Bledsoe",22,"PG",26,"PHO",31,31,34.2,7.2,15.9,0.453,1.5,4.2,0.372,5.6,11.7,0.482,0.502,4.5,5.5,0.802,0.6,3.5,4,6.1,2,0.6,3.5,2.4,20.4,"Phoenix Suns",13500000,24.88414
"173","John Wall",23,"PG",25,"WAS",77,77,36.2,7.4,17.5,0.424,1.5,4.3,0.351,5.9,13.3,0.448,0.467,3.5,4.5,0.791,0.5,4.4,4.9,10.2,1.9,0.8,4.1,2.1,19.9,"Washington Wizards",15851950,25.69434
"123","Gordon Hayward",24,"SF",25,"UTA",80,80,36.2,6.5,15,0.433,1.8,5.1,0.349,4.7,9.9,0.477,0.493,4.9,6,0.824,0.8,4.2,5,3.7,1.2,0.3,2.5,2.3,19.7,"Utah Jazz",15409570,22.43643
"43","Brandon Knight",26,"SG",24,"PHO",52,50,36,7.1,17.2,0.415,2.3,6.8,0.342,4.8,10.5,0.461,0.482,3,3.5,0.852,0.7,3.2,3.9,5.1,1.2,0.4,3.4,2.4,19.6,"Phoenix Suns",13500000,21.54058
"220","Kyrie Irving",25,"PG",23,"CLE",53,53,31.5,7.4,16.6,0.448,1.6,4.9,0.321,5.8,11.6,0.502,0.496,3.2,3.6,0.885,0.8,2.1,3,4.7,1.1,0.3,2.3,2,19.6,"Cleveland Cavaliers",16407501,22.11664
"65","Chris Paul",28,"PG",30,"LAC",74,74,32.7,7,15.1,0.462,1.6,4.4,0.371,5.3,10.6,0.501,0.517,4,4.4,0.896,0.5,3.7,4.2,10,2.1,0.2,2.6,2.5,19.5,"LA Clippers",21468695,28.46602
"78","Danilo Gallinari",27,"SF",27,"DEN",53,53,34.7,5.4,13.2,0.41,1.6,4.5,0.364,3.8,8.7,0.434,0.472,7.1,8.2,0.868,1,4.3,5.3,2.5,0.8,0.4,1.5,1.6,19.5,"Denver Nuggets",14000000,21.19752
"60","Chris Bosh",29,"PF",31,"MIA",53,53,33.5,6.8,14.5,0.467,1.5,4.2,0.365,5.2,10.3,0.508,0.52,4,5.1,0.795,0.9,6.5,7.4,2.4,0.7,0.6,1.5,1.9,19.1,"Miami Heat",22192730,24.3152
"103","Dwyane Wade",30,"SG",34,"MIA",74,73,30.5,7.3,16,0.456,0.1,0.6,0.159,7.2,15.4,0.468,0.459,4.4,5.5,0.793,1.1,3,4.1,4.6,1.1,0.6,2.7,1.6,19,"Miami Heat",20000000,20.45304
"303","Reggie Jackson",31,"PG",25,"DET",79,79,30.7,6.8,15.7,0.434,1.5,4.2,0.353,5.3,11.5,0.464,0.482,3.7,4.3,0.864,0.7,2.5,3.2,6.2,0.7,0.1,2.8,2.4,18.8,"Detroit Pistons",13913044,20.98628
"97","Dirk Nowitzki",32,"PF",37,"DAL",75,75,31.5,6.6,14.8,0.448,1.7,4.6,0.368,5,10.3,0.483,0.504,3.3,3.7,0.893,0.7,5.8,6.5,1.8,0.7,0.7,1.1,2.1,18.3,"Dallas Mavericks",8333334,22.30704
"193","Karl-Anthony Towns",33,"C",20,"MIN",82,82,32,7.6,14.1,0.542,0.4,1.1,0.341,7.3,13,0.559,0.555,2.7,3.4,0.811,2.8,7.7,10.5,2,0.7,1.7,2.2,3,18.3,"Minnesota Timberwolves",5703600,27.4059
"208","Khris Middleton",34,"SG",24,"MIL",79,79,36.1,6.4,14.5,0.444,1.8,4.6,0.396,4.6,9.9,0.466,0.507,3.5,3.9,0.888,0.6,3.3,3.8,4.2,1.7,0.2,2.3,2.6,18.2,"Milwaukee Bucks",14700000,21.94296
"276","Nikola Vucevic",35,"C",25,"ORL",65,60,31.3,8.2,16.1,0.51,0,0.1,0.222,8.2,16,0.512,0.511,1.7,2.3,0.753,2.7,6.2,8.9,2.8,0.8,1.1,1.9,2.7,18.2,"Orlando Magic",11250000,24.53822
"221","LaMarcus Aldridge",36,"PF",30,"SAS",74,74,30.6,7.2,14.1,0.513,0,0.2,0,7.2,13.9,0.521,0.513,3.5,4.1,0.858,2.4,6.2,8.5,1.5,0.5,1.1,1.3,2,18,"San Antonio Spurs",19689000,23.44923
"211","Kobe Bryant",37,"SF",37,"LAL",66,66,28.2,6,16.9,0.358,2,7.1,0.285,4,9.8,0.41,0.417,3.5,4.3,0.826,0.6,3.1,3.7,2.8,0.9,0.2,2,1.7,17.6,"Los Angeles Lakers",25000000,16.22964
"136","Jahlil Okafor",38,"C",20,"PHI",53,48,30,7.5,14.7,0.508,0,0.1,0.167,7.5,14.6,0.511,0.509,2.5,3.7,0.686,2.3,4.7,7,1.2,0.4,1.2,2.3,2.6,17.5,"Philadelphia 76ers",4582680,20.74684
"39","Bradley Beal",39,"SG",22,"WAS",55,35,31.1,6.5,14.5,0.449,1.9,4.9,0.387,4.6,9.6,0.481,0.515,2.5,3.2,0.767,0.7,2.7,3.4,2.9,1,0.2,2,2.1,17.4,"Washington Wizards",5694674,19.85325
"313","Rudy Gay",40,"SF",29,"SAC",70,70,34,6.7,14.4,0.463,1.1,3.1,0.344,5.6,11.3,0.495,0.5,2.8,3.6,0.78,1.5,5,6.5,1.7,1.4,0.7,2,2.6,17.2,"Sacramento Kings",12403101,20.955
"291","Paul Millsap",41,"PF",30,"ATL",81,81,32.7,6.2,13.2,0.47,0.9,2.9,0.319,5.3,10.3,0.512,0.505,3.8,5,0.757,2.4,6.6,9,3.3,1.8,1.7,2.4,2.9,17.1,"Atlanta Hawks",18671659,24.85105
"121","Giannis Antetokounmpo",43,"PG",21,"MIL",80,79,35.3,6.4,12.7,0.506,0.4,1.4,0.257,6.1,11.3,0.537,0.52,3.7,5.1,0.724,1.4,6.2,7.7,4.3,1.2,1.4,2.6,3.2,16.9,"Milwaukee Bucks",1953960,24.2476
"187","Jrue Holiday",44,"PG",25,"NOP",65,23,28.2,6.3,14.4,0.439,1.3,4,0.336,5,10.4,0.478,0.485,2.8,3.3,0.843,0.4,2.6,3,6,1.4,0.3,2.6,2.3,16.8,"New Orleans Pelicans",10595507,20.1566
"237","Marc Gasol",45,"C",31,"MEM",52,52,34.4,6.3,13.6,0.464,0,0.1,0.667,6.3,13.5,0.463,0.465,3.9,4.7,0.829,1.1,5.8,7,3.8,1,1.3,2.3,2.7,16.6,"Memphis Grizzlies",19688000,20.6646
"289","Pau Gasol",46,"C",35,"CHI",72,72,31.8,6.5,13.8,0.469,0.3,1,0.348,6.2,12.9,0.478,0.481,3.2,4,0.792,2.2,8.9,11,4.1,0.6,2,2.3,2.1,16.5,"Chicago Bulls",7448760,24.10291
"93","Derrick Rose",48,"PG",27,"CHI",66,66,31.8,6.8,15.9,0.427,0.7,2.3,0.293,6.1,13.6,0.449,0.448,2.2,2.7,0.793,0.7,2.7,3.4,4.7,0.7,0.2,2.7,1.3,16.4,"Chicago Bulls",20093064,16.84032
"133","J.J. Redick",49,"SG",31,"LAC",75,75,28,5.6,11.7,0.48,2.7,5.6,0.475,3,6.1,0.484,0.593,2.4,2.7,0.888,0.1,1.7,1.9,1.4,0.6,0.1,1,1.8,16.3,"LA Clippers",7085000,19.75876
"14","Andre Drummond",50,"C",22,"DET",81,81,32.9,6.8,13.1,0.521,0,0.1,0.333,6.8,13,0.522,0.522,2.6,7.2,0.355,4.9,9.9,14.8,0.8,1.5,1.4,1.9,3,16.2,"Detroit Pistons",3272091,26.361
"204","Kevin Love",51,"PF",27,"CLE",77,77,31.5,5.3,12.7,0.419,2.1,5.7,0.36,3.3,7,0.467,0.499,3.4,4.1,0.822,1.9,8,9.9,2.4,0.8,0.5,1.8,2.1,16,"Cleveland Cavaliers",19689000,21.77636
"370","Victor Oladipo",52,"SG",23,"ORL",72,52,33,5.9,13.5,0.438,1.4,3.9,0.348,4.5,9.6,0.475,0.489,2.8,3.4,0.83,0.7,4.1,4.8,3.9,1.6,0.8,2.1,2.4,16,"Orlando Magic",5192520,20.25927
"155","Jeff Teague",53,"PG",27,"ATL",79,78,28.5,5.5,12.5,0.439,1.4,3.5,0.4,4.1,9,0.454,0.495,3.3,3.9,0.837,0.4,2.3,2.7,5.9,1.2,0.3,2.8,2.1,15.7,"Atlanta Hawks",8000000,18.96345
"114","Evan Fournier",55,"SF",23,"ORL",79,71,32.5,5.4,11.8,0.462,2,4.9,0.4,3.5,6.8,0.506,0.546,2.5,3,0.836,0.4,2.4,2.8,2.7,1.2,0,1.7,2.7,15.4,"Orlando Magic",2288205,18.82062
"255","Mike Conley",56,"PG",28,"MEM",56,56,31.4,5.3,12.4,0.422,1.4,3.8,0.363,3.9,8.6,0.449,0.478,3.4,4.1,0.834,0.5,2.5,2.9,6.1,1.2,0.3,1.5,1.8,15.3,"Memphis Grizzlies",9588426,19.34466
"378","Zach Randolph",58,"PF",34,"MEM",68,53,29.6,6.3,13.3,0.475,0.1,0.4,0.231,6.3,13,0.482,0.479,2.5,3.2,0.796,2.6,5.1,7.8,2.1,0.6,0.2,1.5,2.1,15.3,"Memphis Grizzlies",9638555,18.65705
"31","Avery Bradley",60,"SG",25,"BOS",76,72,33.4,6,13.4,0.447,1.9,5.4,0.361,4.1,8.1,0.505,0.52,1.3,1.6,0.78,0.6,2.3,2.9,2.1,1.5,0.3,1.4,2.2,15.2,"Boston Celtics",7730337,18.2364
"111","Eric Gordon",62,"SG",27,"NOP",45,44,32.9,5.1,12.3,0.418,2.5,6.5,0.384,2.6,5.7,0.457,0.521,2.5,2.8,0.888,0.2,2,2.2,2.7,1,0.3,1.6,2.2,15.2,"New Orleans Pelicans",15514031,17.59417
"367","Tyreke Evans",61,"SG",26,"NOP",25,25,30.6,5.4,12.6,0.433,1.3,3.4,0.388,4.1,9.2,0.45,0.486,3,3.7,0.796,0.8,4.4,5.2,6.6,1.3,0.3,2.9,2.6,15.2,"New Orleans Pelicans",10734586,20.15928
"343","Thaddeus Young",64,"PF",27,"BRK",73,73,33,6.8,13.2,0.514,0.1,0.4,0.233,6.7,12.8,0.523,0.518,1.4,2.2,0.644,2.4,6.6,9,1.8,1.5,0.5,1.9,2.5,15.1,"Brooklyn Nets",11235955,21.37268
"271","Nicolas Batum",65,"SF",27,"CHO",70,70,35,5.3,12.5,0.426,2,5.7,0.348,3.3,6.8,0.492,0.506,2.3,2.7,0.849,0.8,5.3,6.1,5.8,0.9,0.6,2.9,1.6,14.9,"Charlotte Hornets",13125306,20.55372
"350","Tobias Harris",66,"PF",23,"TOT",76,74,33.1,5.5,11.7,0.469,1.1,3.1,0.335,4.4,8.6,0.518,0.514,2.7,3.2,0.831,1.3,5.4,6.7,2.2,0.9,0.5,1.4,2,14.7,"Orlando Magic",16000000,19.57312
"201","Kentavious Caldwell-Pope",67,"SG",22,"DET",76,76,36.7,5.3,12.6,0.42,1.5,4.9,0.309,3.8,7.8,0.489,0.479,2.4,3,0.811,0.9,2.8,3.7,1.8,1.4,0.2,1.4,2.2,14.5,"Detroit Pistons",2891760,16.24768
"309","Rodney Hood",68,"SG",23,"UTA",79,79,32.2,5.2,12.3,0.42,2,5.7,0.359,3.1,6.6,0.472,0.503,2.2,2.5,0.86,0.5,2.9,3.4,2.7,0.9,0.2,1.6,2.6,14.5,"Utah Jazz",1348440,16.87565
"374","Will Barton",69,"SG",25,"DEN",82,1,28.7,5.2,12,0.432,1.4,4,0.345,3.8,8,0.476,0.489,2.6,3.3,0.806,0.7,5.1,5.8,2.5,0.9,0.5,1.7,1.8,14.4,"Denver Nuggets",3533333,17.78493
"215","Kristaps Porzingis",70,"PF",20,"NYK",72,72,28.4,5.2,12.3,0.421,1.1,3.4,0.333,4.1,8.9,0.454,0.467,2.8,3.3,0.838,1.8,5.5,7.3,1.3,0.7,1.9,1.7,2.8,14.3,"New York Knicks",4131720,18.02153
"127","Hassan Whiteside",73,"C",26,"MIA",73,43,29.1,5.7,9.3,0.606,0,0,0.293816618911175,5.7,9.3,0.606,0.606,2.9,4.5,0.65,3.3,8.6,11.8,0.4,0.6,3.7,1.9,2.8,14.2,"Miami Heat",981348,27.573
"135","Jae Crowder",72,"SF",25,"BOS",73,73,31.6,4.9,11.1,0.443,1.7,5,0.336,3.3,6.2,0.529,0.518,2.7,3.3,0.82,1,4.2,5.1,1.8,1.7,0.5,1.1,2.7,14.2,"Boston Celtics",6796117,19.0624
"138","Jamal Crawford",71,"SG",35,"LAC",79,5,26.9,4.8,11.9,0.404,1.5,4.4,0.34,3.3,7.5,0.44,0.466,3.1,3.4,0.904,0.3,1.6,1.8,2.3,0.7,0.2,1.4,1.5,14.2,"LA Clippers",5675000,14.1897
"92","Deron Williams",77,"PG",31,"DAL",65,63,32.4,4.9,11.9,0.414,1.5,4.3,0.344,3.4,7.6,0.454,0.477,2.8,3.2,0.869,0.3,2.6,2.9,5.8,0.9,0.2,2.3,2.4,14.1,"Dallas Mavericks",5378974,16.99074
"122","Goran Dragic",74,"PG",29,"MIA",72,72,32.8,5.8,12.2,0.477,0.9,2.8,0.312,4.9,9.3,0.527,0.513,1.7,2.3,0.727,0.8,3.1,3.8,5.8,1,0.2,2.6,2.6,14.1,"Miami Heat",14783000,18.65268
"134","Jabari Parker",76,"PF",20,"MIL",76,72,31.7,5.8,11.8,0.493,0.1,0.5,0.257,5.7,11.4,0.502,0.498,2.3,3,0.768,1.6,3.6,5.2,1.7,0.9,0.4,1.5,2,14.1,"Milwaukee Bucks",5152440,16.96686
"82","Darren Collison",78,"PG",28,"SAC",74,15,30,5.1,10.5,0.486,1.2,2.9,0.401,3.9,7.6,0.519,0.542,2.6,3.1,0.858,0.4,1.9,2.3,4.3,1,0.1,1.8,1.9,14,"Sacramento Kings",5013559,18.08654
"100","Draymond Green",79,"PF",25,"GSW",81,81,34.7,5,10.1,0.49,1.2,3.2,0.388,3.7,6.9,0.537,0.551,2.8,4.1,0.696,1.7,7.8,9.5,7.4,1.5,1.4,3.2,3,14,"Golden State Warriors",14260870,26.30474
"377","Zach LaVine",80,"SG",20,"MIN",82,33,28,5.3,11.7,0.452,1.5,3.9,0.389,3.8,7.8,0.482,0.516,2,2.5,0.793,0.3,2.5,2.8,3.1,0.8,0.2,1.9,2.4,14,"Minnesota Timberwolves",2148360,16.40364
"94","Devin Booker",81,"SG",19,"PHO",76,51,27.7,4.8,11.4,0.423,1.3,3.8,0.343,3.5,7.6,0.464,0.48,2.8,3.4,0.84,0.4,2.1,2.5,2.6,0.6,0.3,2.1,3,13.8,"Phoenix Suns",2127840,14.2848
"262","Monta Ellis",82,"SG",30,"IND",81,81,33.8,5.4,12.6,0.427,1.1,3.5,0.309,4.3,9.1,0.472,0.47,2,2.5,0.786,0.5,2.8,3.3,4.7,1.9,0.5,2.5,2.1,13.8,"Indiana Pacers",10300000,16.9905
"56","Chandler Parsons",84,"SF",27,"DAL",61,51,29.5,5.2,10.7,0.492,1.7,4.1,0.414,3.5,6.6,0.54,0.571,1.5,2.2,0.684,0.5,4.2,4.7,2.8,0.8,0.3,1.6,1.9,13.7,"Dallas Mavericks",15361500,19.31122
"102","Dwight Howard",83,"C",30,"HOU",71,71,32.1,5.2,8.5,0.62,0,0.1,0,5.2,8.4,0.626,0.62,3.3,6.7,0.489,3.4,8.4,11.8,1.4,1,1.6,2.3,3.1,13.7,"Houston Rockets",22359364,26.0276
"238","Marcin Gortat",85,"C",31,"WAS",75,74,30.1,5.8,10.2,0.567,0,0,0,5.8,10.2,0.567,0.567,1.9,2.8,0.705,3,6.9,9.9,1.4,0.6,1.3,1.6,2.6,13.5,"Washington Wizards",11217391,22.2264
"8","Alec Burks",86,"SG",24,"UTA",31,3,25.7,4.4,10.8,0.41,1,2.5,0.405,3.4,8.2,0.412,0.458,3.4,4.5,0.752,0.5,3,3.5,2,0.6,0.1,1.6,2.3,13.3,"Utah Jazz",9463484,13.58428
"74","D'Angelo Russell",87,"PG",19,"LAL",80,48,28.2,4.9,12,0.41,1.6,4.6,0.351,3.3,7.3,0.447,0.478,1.8,2.4,0.737,0.6,2.8,3.4,3.3,1.2,0.2,2.5,1.8,13.2,"Los Angeles Lakers",5103120,14.86102
"29","Arron Afflalo",89,"SG",30,"NYK",71,57,33.4,5,11.3,0.443,1.3,3.4,0.382,3.7,7.9,0.469,0.5,1.5,1.8,0.84,0.3,3.4,3.7,2,0.4,0.1,1.2,2,12.8,"New York Knicks",8000000,14.66
"108","Emmanuel Mudiay",93,"PG",19,"DEN",68,66,30.4,4.8,13.3,0.364,1.1,3.4,0.319,3.8,9.9,0.379,0.404,2.1,3.1,0.67,0.5,2.9,3.4,5.5,1,0.5,3.2,2.1,12.8,"Denver Nuggets",3102240,13.17444
"150","Jarrett Jack",92,"PG",32,"BRK",32,32,32.1,4.4,11.2,0.391,1,3.2,0.304,3.4,8,0.426,0.434,3.1,3.5,0.893,0.3,4,4.3,7.4,1.1,0.2,2.9,2.4,12.8,"Brooklyn Nets",6300000,15.91912
"176","Jonas Valanciunas",94,"C",23,"TOR",60,59,26,5.1,8.9,0.565,0,0,0.293816618911175,5.1,8.9,0.565,0.565,2.7,3.6,0.761,3.1,6.1,9.1,0.7,0.4,1.3,1.4,2.6,12.8,"Toronto Raptors",4660482,20.27785
"252","Michael Beasley",90,"SF",27,"HOU",20,0,18.2,5.4,10.3,0.522,0.2,0.5,0.333,5.2,9.8,0.531,0.529,1.9,2.5,0.776,1.5,3.5,4.9,0.8,0.6,0.5,1.2,2,12.8,"Houston Rockets",306527,15.95464
"306","Robert Covington",91,"SF",25,"PHI",67,49,28.4,4.1,10.6,0.385,2.5,7.2,0.353,1.6,3.4,0.452,0.504,2.1,2.6,0.791,1,5.3,6.3,1.4,1.6,0.6,2.1,3.5,12.8,"Philadelphia 76ers",1000000,16.79328
"109","Enes Kanter",97,"C",23,"OKC",82,1,21,5,8.8,0.576,0.1,0.3,0.476,4.9,8.5,0.579,0.583,2.4,3.1,0.797,3,5.1,8.1,0.4,0.3,0.4,1.4,2,12.7,"Oklahoma City Thunder",16407500,18.69098
"254","Michael Kidd-Gilchrist",98,"SF",22,"CHO",7,7,29.3,4.7,8.7,0.541,0.4,1,0.429,4.3,7.7,0.556,0.566,2.9,4.1,0.69,1.7,4.7,6.4,1.3,0.4,0.4,1.1,1.3,12.7,"Charlotte Hornets",6331404,18.17426
"356","Trevor Ariza",95,"SF",30,"HOU",81,81,35.3,4.4,10.6,0.416,2.3,6.2,0.371,2.1,4.4,0.478,0.523,1.6,2,0.783,0.8,3.7,4.5,2.3,2,0.3,1.4,2.2,12.7,"Houston Rockets",8193030,17.67217
"322","Serge Ibaka",99,"PF",26,"OKC",78,78,32.1,5.3,11.1,0.479,0.8,2.4,0.326,4.6,8.8,0.52,0.513,1.2,1.6,0.752,1.8,5,6.8,0.8,0.5,1.9,1.4,2.7,12.6,"Oklahoma City Thunder",12250000,17.60616
"199","Kenneth Faried",101,"PF",26,"DEN",67,64,25.3,5.2,9.3,0.558,0,0,0.5,5.2,9.3,0.558,0.558,2,3.3,0.613,3.5,5.2,8.7,1.2,0.5,0.9,1.4,2.5,12.5,"Denver Nuggets",11235955,19.54116
"118","Gary Harris",105,"SG",21,"DEN",76,76,32.1,4.7,10.1,0.469,1.4,3.9,0.354,3.3,6.2,0.543,0.538,1.4,1.8,0.82,0.7,2.2,2.9,1.9,1.3,0.2,1.3,1.9,12.3,"Denver Nuggets",1584480,15.67194
"235","Luol Deng",104,"PF",30,"MIA",74,73,32.4,4.6,10.1,0.455,1.2,3.5,0.344,3.4,6.6,0.513,0.514,2,2.6,0.755,1.5,4.5,6,1.9,1,0.4,1.1,1.6,12.3,"Miami Heat",10151612,16.96714
"167","Joe Johnson",106,"SF",34,"TOT",81,81,33.4,4.7,10.6,0.439,1.5,3.9,0.383,3.2,6.7,0.471,0.509,1.5,1.8,0.831,0.6,3,3.6,3.9,0.8,0,2,1.8,12.2,"Brooklyn Nets",261894,15.33617
"259","Mirza Teletovic",107,"PF",30,"PHO",79,1,21.3,4.2,9.8,0.427,2.3,5.8,0.393,1.9,4,0.476,0.544,1.5,2,0.774,0.7,3.1,3.8,1.1,0.4,0.3,1.1,2,12.2,"Phoenix Suns",5500000,15.00896
"6","Al Jefferson",109,"C",31,"CHO",47,18,23.3,5.2,10.7,0.485,0,0,0.293816618911175,5.2,10.7,0.485,0.485,1.5,2.4,0.649,1.2,5.2,6.4,1.5,0.6,0.9,0.7,2.5,12,"Charlotte Hornets",13500000,16.13595
"244","Markieff Morris",110,"PF",26,"TOT",64,45,25.5,4.8,11.2,0.425,0.7,2.4,0.303,4,8.8,0.458,0.458,1.7,2.3,0.735,1.1,4.4,5.5,1.9,0.9,0.5,2.1,2.9,12,"Washington Wizards",8000000,13.77206
"295","Rajon Rondo",112,"PG",29,"SAC",72,72,35.2,4.9,10.9,0.454,0.9,2.4,0.365,4.1,8.5,0.479,0.494,1.2,2.1,0.58,1.1,5,6,11.7,2,0.1,3.9,2.4,11.9,"Sacramento Kings",9500000,21.4149
"353","Tony Parker",111,"PG",33,"SAS",72,72,27.5,4.9,9.9,0.493,0.4,0.9,0.415,4.5,9,0.501,0.512,1.8,2.4,0.76,0.2,2.2,2.4,5.3,0.8,0.2,1.8,1.6,11.9,"San Antonio Spurs",13437500,15.87712
"50","C.J. Miles",114,"SF",28,"IND",64,24,22.9,4,9.9,0.409,2.2,6,0.367,1.8,3.9,0.474,0.521,1.5,1.9,0.75,0.4,2.3,2.7,1,0.8,0.5,1.1,2.2,11.8,"Indiana Pacers",4394225,13.8586
"274","Nikola Mirotic",115,"PF",24,"CHI",66,38,24.9,3.8,9.2,0.407,2,5.2,0.39,1.7,4,0.43,0.518,2.2,2.7,0.807,0.9,4.6,5.5,1.5,0.9,0.7,1.5,2.3,11.8,"Chicago Bulls",5543725,15.84562
"281","Omri Casspi",113,"SF",27,"SAC",69,21,27.2,4.3,9,0.481,1.6,4,0.409,2.7,5,0.537,0.571,1.5,2.3,0.648,0.8,5.1,5.9,1.4,0.8,0.2,1.4,2.2,11.8,"Sacramento Kings",2836186,17.0729
"126","Harrison Barnes",116,"SF",23,"GSW",66,59,30.9,4.5,9.6,0.466,1.2,3.2,0.383,3.2,6.3,0.508,0.531,1.5,2,0.761,1.2,3.8,4.9,1.8,0.6,0.2,0.9,2.1,11.7,"Golden State Warriors",3873398,15.72822
"154","Jeff Green",117,"SF",29,"TOT",80,41,28.2,4.4,10.3,0.43,0.8,2.7,0.315,3.6,7.6,0.47,0.47,2.1,2.8,0.745,0.9,3.2,4.2,1.7,0.7,0.5,1.2,2.1,11.7,"Memphis Grizzlies",9650000,13.5783
"160","Jeremy Lin",118,"SG",27,"CHO",78,13,26.3,3.8,9.3,0.412,1,2.9,0.336,2.9,6.4,0.446,0.464,3.1,3.7,0.815,0.5,2.7,3.2,3,0.7,0.5,1.9,2.1,11.7,"Charlotte Hornets",2139000,13.16832
"246","Marvin Williams",119,"PF",29,"CHO",81,81,28.9,4.2,9.2,0.452,1.9,4.7,0.402,2.3,4.6,0.504,0.554,1.5,1.8,0.833,1.6,4.9,6.4,1.4,0.7,1,0.8,1.6,11.7,"Charlotte Hornets",7000000,18.1712
"200","Kent Bazemore",120,"SF",26,"ATL",75,68,27.8,4.3,9.7,0.441,1.5,4.1,0.357,2.8,5.6,0.502,0.517,1.6,2,0.815,0.4,4.7,5.1,2.3,1.3,0.5,1.8,2.3,11.6,"Atlanta Hawks",2000000,15.92877
"253","Michael Carter-Williams",122,"PG",24,"MIL",54,37,30.5,4.6,10.3,0.452,0.3,1,0.273,4.4,9.3,0.472,0.466,2,3,0.654,0.9,4.2,5.1,5.2,1.5,0.8,2.8,3,11.5,"Milwaukee Bucks",2399040,15.92788
"178","Jordan Hamilton",123,"SF",25,"NOP",11,4,27.6,4.5,10.5,0.422,1.2,4.1,0.289,3.3,6.5,0.507,0.478,1.3,1.9,0.667,1.1,4.5,5.6,2.3,0.7,0.3,1.5,2.2,11.4,"New Orleans Pelicans",1015421,14.33522
"188","Julius Randle",124,"PF",21,"LAL",81,60,28.2,4.4,10.3,0.429,0.1,0.4,0.278,4.3,9.9,0.436,0.435,2.4,3.3,0.715,2.1,8.1,10.2,1.8,0.7,0.4,1.8,3,11.3,"Los Angeles Lakers",3132240,14.8944
"37","Bojan Bogdanovic",125,"SF",26,"BRK",79,39,26.8,4.1,9.5,0.433,1.6,4.3,0.382,2.5,5.2,0.474,0.519,1.4,1.7,0.833,0.5,2.8,3.2,1.3,0.4,0.1,1.5,1.5,11.2,"Brooklyn Nets",3425510,12.58575
"268","Nerlens Noel",127,"C",21,"PHI",67,62,29.3,4.6,8.8,0.521,0,0,0.5,4.6,8.7,0.521,0.522,2,3.4,0.59,2.3,5.8,8.1,1.8,1.8,1.5,2.4,2.9,11.1,"Philadelphia 76ers",3457800,18.10296
"321","Sean Kilpatrick",126,"SG",26,"TOT",31,0,19.9,4,8.7,0.456,1.3,3.7,0.342,2.7,5,0.538,0.528,1.9,2.2,0.896,0.4,1.4,1.8,0.9,0.4,0.1,1,1.2,11.1,"Brooklyn Nets",134215,11.98032
"90","DeMarre Carroll",129,"SF",29,"TOR",26,22,30.2,4,10.4,0.389,1.8,4.5,0.39,2.3,5.8,0.388,0.474,1.2,1.9,0.6,1.2,3.5,4.7,1,1.7,0.2,1.1,2.4,11,"Toronto Raptors",13600000,13.63224
"91","Dennis Schroder",130,"PG",22,"ATL",80,6,20.3,4.1,9.8,0.421,1,3,0.322,3.2,6.8,0.465,0.471,1.8,2.3,0.791,0.3,2.2,2.6,4.4,0.9,0.1,2.3,1.7,11,"Atlanta Hawks",1763400,12.89598
"130","Isaiah Canaan",128,"SG",24,"PHI",77,39,25.5,3.4,9.4,0.36,2.3,6.3,0.363,1.1,3.1,0.354,0.482,1.9,2.3,0.833,0.3,2,2.3,1.8,0.7,0.2,1.2,1.7,11,"Philadelphia 76ers",947276,12.0018
"132","J.J. Barea",132,"PG",31,"DAL",74,16,22.5,4.3,9.6,0.446,1.4,3.5,0.385,2.9,6.1,0.481,0.516,1,1.3,0.771,0.4,1.7,2.1,4.1,0.4,0,1.5,1.5,10.9,"Dallas Mavericks",4290000,13.61724
"105","Elfrid Payton",133,"PG",21,"ORL",73,69,29.4,4.4,10,0.436,0.4,1.3,0.326,3.9,8.7,0.451,0.456,1.5,2.6,0.589,1.1,2.5,3.6,6.4,1.2,0.3,2.4,2.2,10.7,"Orlando Magic",2505720,14.52816
"279","Norris Cole",135,"PG",27,"NOP",45,23,26.6,4.4,10.8,0.405,0.7,2.3,0.324,3.6,8.5,0.427,0.439,1.2,1.4,0.8,0.2,3.1,3.4,3.7,0.8,0.1,1.7,2.3,10.6,"New Orleans Pelicans",3036927,12.05055
"358","Trey Burke",134,"PG",23,"UTA",64,0,21.3,4.1,9.9,0.413,1.4,4,0.344,2.7,5.9,0.46,0.483,1,1.3,0.817,0.3,1.5,1.8,2.3,0.5,0.1,1.3,1.3,10.6,"Utah Jazz",2658240,11.37465
"115","Evan Turner",137,"SG",27,"BOS",81,12,28,4.2,9.3,0.456,0.2,1,0.241,4,8.3,0.482,0.469,1.8,2.2,0.827,0.6,4.3,4.9,4.4,1,0.3,2.1,1.7,10.5,"Boston Celtics",3425510,14.1638
"324","Shabazz Muhammad",136,"SF",23,"MIN",82,0,20.5,3.9,8.3,0.465,0.5,1.9,0.289,3.3,6.5,0.516,0.498,2.3,3,0.764,1.2,2,3.3,0.6,0.3,0.1,0.9,1.1,10.5,"Minnesota Timberwolves",2056920,11.42412
"113","Ersan Ilyasova",139,"PF",28,"TOT",74,56,25.4,3.8,8.9,0.424,1.3,3.5,0.371,2.5,5.4,0.458,0.496,1.5,2.1,0.721,1.9,3.5,5.4,0.9,0.7,0.4,1,2.3,10.4,"Orlando Magic",7900000,13.3672
"147","Jared Sullinger",143,"PF",23,"BOS",81,73,23.6,4.3,10,0.435,0.4,1.3,0.282,4,8.7,0.458,0.453,1.3,2,0.64,2.4,5.9,8.3,2.3,0.9,0.6,1.3,2.6,10.3,"Boston Celtics",2569260,14.77233
"242","Mario Chalmers",140,"PG",29,"TOT",61,7,22.5,3,7.3,0.41,0.8,2.4,0.309,2.2,4.8,0.461,0.462,3.6,4.3,0.832,0.4,2.2,2.6,3.8,1.4,0.2,1.8,3,10.3,"Memphis Grizzlies",4300000,12.62184
"264","Myles Turner",144,"C",19,"IND",60,30,22.8,4.4,8.8,0.498,0.1,0.2,0.214,4.4,8.6,0.506,0.501,1.5,2,0.727,1.1,4.4,5.5,0.7,0.4,1.4,1.1,2.6,10.3,"Indiana Pacers",2357760,13.93281
"308","Robin Lopez",142,"C",27,"NYK",82,82,27.1,4.4,8.1,0.539,0,0,0,4.4,8.1,0.54,0.539,1.6,2,0.795,3.3,4.1,7.3,1.4,0.2,1.6,1.6,2.2,10.3,"New York Knicks",12650000,16.23468
"5","Al-Farouq Aminu",145,"SF",25,"POR",82,82,28.5,3.6,8.8,0.416,1.5,4.3,0.361,2.1,4.5,0.468,0.503,1.4,1.9,0.737,1.2,4.9,6.1,1.7,0.9,0.6,1.5,2.1,10.2,"Portland Trail Blazers",8042895,14.35059
"239","Marco Belinelli",146,"SG",29,"SAC",68,7,24.6,3.6,9.3,0.386,1.3,4.4,0.306,2.3,5,0.456,0.457,1.7,2,0.833,0.1,1.6,1.7,1.9,0.5,0,1.2,1.3,10.2,"Sacramento Kings",6060606,10.09513
"124","Gorgui Dieng",147,"C",26,"MIN",82,39,27.1,3.8,7.1,0.532,0.1,0.2,0.3,3.7,6.8,0.54,0.537,2.5,3,0.827,1.9,5.2,7.1,1.7,1.1,1.2,1.7,2.7,10.1,"Minnesota Timberwolves",1474440,16.53423
"305","Ricky Rubio",148,"PG",25,"MIN",76,76,30.6,2.9,7.7,0.374,0.8,2.5,0.326,2.1,5.2,0.396,0.427,3.5,4.1,0.847,0.5,3.8,4.3,8.7,2.1,0.1,2.5,2.6,10.1,"Minnesota Timberwolves",12700000,15.49583
"196","Kelly Olynyk",151,"C",24,"BOS",69,8,20.2,3.7,8.1,0.455,1.2,3,0.405,2.4,5,0.486,0.531,1.4,1.9,0.75,1,3,4.1,1.5,0.8,0.5,1.1,2.4,10,"Boston Celtics",2165160,13.69449
"248","Matt Barnes",149,"SF",35,"MEM",76,45,28.8,3.5,9.1,0.381,1.6,4.9,0.322,1.9,4.3,0.449,0.467,1.5,1.8,0.804,1.1,4.4,5.5,2.1,1,0.8,1.6,3.1,10,"Memphis Grizzlies",3542500,13.29549
"273","Nikola Jokic",150,"C",20,"DEN",80,55,21.7,3.8,7.5,0.512,0.4,1.1,0.333,3.5,6.5,0.541,0.535,1.9,2.4,0.811,2.3,4.7,7,2.4,1,0.6,1.3,2.6,10,"Denver Nuggets",1300000,16.5101
"287","Patrick Beverley",152,"PG",27,"HOU",71,63,28.7,3.6,8.4,0.434,1.7,4.4,0.4,1.9,4,0.472,0.539,0.8,1.2,0.682,1,2.5,3.5,3.4,1.3,0.4,1.3,3.3,9.9,"Houston Rockets",6486486,15.18902
"297","Ramon Sessions",154,"PG",29,"WAS",82,5,20.3,3.4,7.2,0.473,0.4,1.4,0.324,3,5.9,0.507,0.503,2.6,3.5,0.756,0.3,2.2,2.5,2.9,0.6,0.1,1.4,1.2,9.9,"Washington Wizards",2170465,12.09715
"340","Terrence Ross",153,"SF",24,"TOR",73,7,23.9,3.7,8.6,0.431,1.8,4.6,0.386,1.9,3.9,0.484,0.536,0.7,0.8,0.79,0.3,2.2,2.5,0.8,0.7,0.3,0.6,1.6,9.9,"Toronto Raptors",3553917,12.29584
"53","Carl Landry",155,"PF",32,"PHI",36,12,15.8,3.9,6.9,0.556,0.2,0.4,0.462,3.7,6.6,0.561,0.568,1.9,2.5,0.736,1.4,2.7,4.1,0.9,0.3,0.3,0.6,1.9,9.8,"Philadelphia 76ers",6500000,13.64904
"96","Dion Waiters",158,"SG",24,"OKC",78,15,27.6,3.6,9.1,0.399,1.1,3.1,0.358,2.5,6,0.421,0.46,1.4,2,0.713,0.5,2.1,2.6,2,1,0.2,1.5,1.8,9.8,"Oklahoma City Thunder",5138430,10.7916
"119","Gary Neal",156,"SG",31,"WAS",40,2,20.2,3.8,8.1,0.465,1,2.5,0.41,2.8,5.6,0.489,0.528,1.2,1.4,0.855,0.3,1.8,2.1,1.2,0.5,0,0.7,1.4,9.8,"Washington Wizards",2139000,11.4576
"157","Jerami Grant",159,"SF",21,"PHI",77,52,26.8,3.3,7.8,0.419,0.5,1.9,0.24,2.8,5.9,0.477,0.448,2.8,4.2,0.658,1.3,3.4,4.7,1.8,0.7,1.6,1.4,2.8,9.7,"Philadelphia 76ers",845059,12.49024
"241","Marcus Thornton",160,"SG",28,"TOT",61,8,18.2,3.5,8.9,0.399,1.5,4.4,0.337,2,4.5,0.46,0.482,1.1,1.3,0.848,0.6,1.8,2.5,1.4,0.8,0.1,0.8,1.5,9.7,"Washington Wizards",200600,11.04744
"72","Courtney Lee",162,"SG",30,"TOT",79,65,29.5,3.7,8.1,0.454,1,2.7,0.378,2.6,5.3,0.493,0.518,1.3,1.5,0.839,0.4,2.2,2.6,1.7,1.1,0.4,0.9,1.7,9.6,"Charlotte Hornets",5675000,12.60294
"236","Manu Ginobili",161,"SG",38,"SAS",58,0,19.6,3.4,7.5,0.453,1.2,3.1,0.391,2.2,4.4,0.496,0.533,1.6,1.9,0.813,0.4,2.1,2.5,3.1,1.1,0.2,1.7,1.7,9.6,"San Antonio Spurs",2814000,13.04251
"301","Raymond Felton",163,"PG",31,"DAL",80,31,27.4,3.5,8.5,0.406,0.8,2.7,0.282,2.7,5.9,0.463,0.45,1.9,2.2,0.847,0.5,2.8,3.2,3.6,0.9,0.2,1.5,1.8,9.5,"Dallas Mavericks",3950313,11.628
"99","Doug McDermott",164,"SF",24,"CHI",81,4,23,3.6,8,0.452,1.4,3.2,0.425,2.2,4.8,0.47,0.537,0.9,1,0.857,0.5,2,2.4,0.7,0.2,0.1,0.7,1.6,9.4,"Chicago Bulls",2380440,10.84203
"128","Ian Mahinmi",165,"C",29,"IND",71,71,25.6,3.7,6.3,0.589,0,0,0.293816618911175,3.7,6.3,0.589,0.589,1.9,3.2,0.587,1.9,5.2,7.1,1.5,0.9,1.1,1.4,3.1,9.3,"Indiana Pacers",4000000,17.07511
"205","Kevin Martin",166,"SG",32,"TOT",55,13,19.9,2.8,7.6,0.372,0.9,2.5,0.36,1.9,5.1,0.378,0.431,2.8,3.1,0.89,0.3,1.7,2,1.1,0.5,0.1,1,1.5,9.3,"San Antonio Spurs",200600,8.70189
"2","Aaron Gordon",169,"PF",20,"ORL",78,37,23.9,3.5,7.4,0.473,0.5,1.8,0.296,3,5.6,0.531,0.509,1.7,2.5,0.668,2,4.5,6.5,1.6,0.8,0.7,0.8,2,9.2,"Orlando Magic",4171680,14.41488
"217","Kyle Korver",171,"SG",34,"ATL",80,80,30,3.4,7.7,0.435,2,5,0.398,1.4,2.7,0.502,0.563,0.6,0.7,0.833,0.2,3.1,3.3,2.1,0.8,0.4,1.2,2,9.2,"Atlanta Hawks",5746479,13.46133
"267","Nene Hilario",170,"PF",33,"WAS",57,11,19.2,3.7,6.7,0.544,0,0.1,0,3.7,6.7,0.549,0.544,1.9,3.2,0.578,0.9,3.6,4.5,1.7,0.9,0.5,1.3,2.7,9.2,"Washington Wizards",13000000,13.58368
"240","Marcus Smart",174,"PG",21,"BOS",61,10,27.3,3,8.7,0.348,1,4,0.253,2,4.7,0.427,0.405,2.1,2.7,0.777,1.2,2.9,4.2,3,1.5,0.3,1.3,3,9.1,"Boston Celtics",3431040,11.0079
"247","Mason Plumlee",173,"C",25,"POR",82,82,25.4,3.3,6.3,0.516,0,0,0,3.3,6.3,0.52,0.516,2.6,4.1,0.642,2.5,5.2,7.7,2.8,0.8,1,1.9,3.1,9.1,"Portland Trail Blazers",1415520,15.48
"314","Rudy Gobert",172,"C",23,"UTA",61,60,31.7,3.2,5.8,0.559,0,0,0.293816618911175,3.2,5.8,0.559,0.559,2.6,4.6,0.569,3.4,7.5,11,1.5,0.7,2.2,1.9,2.7,9.1,"Utah Jazz",1175880,19.12339
"9","Alex Len",175,"C",22,"PHO",78,46,23.3,3.4,8,0.423,0,0.1,0.143,3.4,7.9,0.426,0.424,2.2,3.1,0.728,2.3,5.3,7.6,1.2,0.5,0.8,1.9,2.9,9,"Phoenix Suns",3807120,11.1512
"27","Archie Goodwin",176,"PG",21,"PHO",57,13,19.5,3.1,7.4,0.417,0.4,1.7,0.232,2.7,5.7,0.474,0.444,2.3,3.4,0.674,0.5,2,2.5,2.1,0.5,0.2,1.8,1.5,8.9,"Phoenix Suns",1160160,9.02652
"30","Austin Rivers",178,"SG",23,"LAC",67,7,21.9,3.4,7.7,0.438,0.9,2.8,0.335,2.4,4.9,0.495,0.498,1.2,1.7,0.681,0.3,1.6,1.9,1.5,0.7,0.1,0.9,2,8.9,"LA Clippers",3110796,10.22394
"310","Rodney Stuckey",179,"PG",29,"IND",58,1,22,3.2,7.6,0.413,0.3,1.4,0.241,2.8,6.2,0.453,0.436,2.3,2.7,0.829,0.3,2.4,2.7,2.4,0.7,0.1,1.3,1.3,8.9,"Indiana Pacers",7000000,9.64432
"159","Jeremy Lamb",181,"SG",23,"CHO",66,0,18.6,3.5,7.7,0.451,0.8,2.7,0.309,2.6,5,0.529,0.506,1,1.3,0.727,0.7,3.2,3.8,1.2,0.6,0.5,0.8,1.6,8.8,"Charlotte Hornets",3034356,11.61776
"179","Jordan Hill",180,"C",28,"IND",73,11,20.7,3.8,7.5,0.506,0,0,0,3.8,7.5,0.507,0.506,1.2,1.7,0.712,2.1,4,6.2,1.2,0.5,0.5,1.3,2.1,8.8,"Indiana Pacers",4000000,12.51844
"68","Cody Zeller",187,"C",23,"CHO",73,60,24.3,3.2,6,0.529,0,0.1,0.1,3.2,5.8,0.539,0.53,2.4,3.2,0.754,1.9,4.3,6.2,1,0.8,0.9,0.9,2.8,8.7,"Charlotte Hornets",4204200,13.9814
"120","Gerald Henderson",183,"SG",28,"POR",72,0,19.9,3.2,7.3,0.439,0.7,1.9,0.353,2.6,5.5,0.468,0.484,1.6,2,0.767,0.4,2.5,2.9,1,0.5,0.3,0.9,1.2,8.7,"Portland Trail Blazers",6000000,9.98008
"233","Luis Scola",186,"PF",35,"TOR",76,76,21.5,3.5,7.9,0.45,0.9,2.1,0.404,2.7,5.8,0.467,0.504,0.8,1.1,0.726,1.1,3.6,4.7,0.9,0.6,0.4,0.9,2.3,8.7,"Toronto Raptors",2900000,11.60712
"339","Terrence Jones",185,"PF",24,"HOU",50,11,20.9,3.3,7.3,0.452,0.5,1.6,0.316,2.8,5.8,0.49,0.486,1.5,2.3,0.664,1.2,3,4.2,0.8,0.5,0.8,1,1.7,8.7,"Houston Rockets",2489530,11.0322
"351","Toney Douglas",182,"PG",29,"NOP",61,18,20.7,3,7.3,0.411,1.3,3.3,0.399,1.7,4,0.421,0.502,1.4,1.6,0.848,0.4,1.9,2.3,2.6,1.1,0.1,1,2.1,8.7,"New Orleans Pelicans",1164858,11.50584
"365","Tyler Johnson",184,"SG",23,"MIA",36,5,24,3.3,6.8,0.486,0.8,2,0.38,2.5,4.8,0.529,0.541,1.4,1.8,0.797,0.8,2.3,3,2.2,0.7,0.4,1.3,1.8,8.7,"Miami Heat",845059,12.12922
"328","Shelvin Mack",190,"PG",25,"TOT",52,27,20.3,3.5,8,0.439,0.8,2.4,0.312,2.8,5.6,0.493,0.486,0.9,1.2,0.738,0.3,2.2,2.5,3.6,0.7,0.1,1.8,1.4,8.6,"Utah Jazz",2433333,10.80864
"338","Taj Gibson",189,"PF",30,"CHI",73,55,26.5,3.6,6.8,0.526,0,0,0,3.6,6.8,0.529,0.526,1.4,2,0.692,2.8,4.1,6.9,1.5,0.6,1.1,1.1,2.5,8.6,"Chicago Bulls",8500000,14.42818
"348","Tim Duncan",188,"C",39,"SAS",61,60,25.2,3.5,7.2,0.488,0,0,0,3.5,7.2,0.49,0.488,1.5,2.1,0.702,1.9,5.4,7.3,2.7,0.8,1.3,1.5,2,8.6,"San Antonio Spurs",5250000,14.53752
"379","Zaza Pachulia",191,"C",31,"DAL",76,69,26.4,2.9,6.2,0.466,0,0,0,2.9,6.1,0.469,0.466,2.8,3.6,0.768,3.3,6.2,9.4,1.7,0.8,0.3,1.6,2.4,8.6,"Dallas Mavericks",5200000,13.34158
"174","Jon Leuer",193,"PF",26,"PHO",67,27,18.7,3.3,7,0.481,0.6,1.6,0.382,2.7,5.3,0.511,0.526,1.1,1.5,0.762,1.1,4.4,5.6,1.1,0.6,0.4,1.1,1.9,8.5,"Phoenix Suns",1035000,12.46094
"272","Nik Stauskas",195,"SG",22,"PHI",73,35,24.8,2.9,7.5,0.385,1.5,4.5,0.326,1.4,3,0.473,0.483,1.2,1.6,0.771,0.3,2.2,2.5,1.9,0.6,0.3,1.3,1.6,8.5,"Philadelphia 76ers",2869440,9.95463
"251","Meyers Leonard",197,"PF",23,"POR",61,10,21.9,3.2,7.1,0.448,1.4,3.7,0.377,1.8,3.4,0.527,0.547,0.6,0.8,0.761,0.8,4.3,5.1,1.5,0.1,0.3,1.3,3,8.4,"Portland Trail Blazers",3075880,12.00665
"352","Tony Allen",196,"SG",34,"MEM",64,57,25.3,3.4,7.3,0.458,0.2,0.7,0.357,3.1,6.7,0.468,0.474,1.4,2.2,0.652,1.6,3,4.6,1.1,1.7,0.3,1.2,2.7,8.4,"Memphis Grizzlies",5158539,11.43762
"355","Tony Wroten",198,"PG",22,"PHI",8,3,18,2.8,8.1,0.338,0.4,2.1,0.176,2.4,6,0.396,0.362,2.5,4.6,0.541,0.3,2.4,2.6,2.5,0.4,0,3.6,1.4,8.4,"Philadelphia 76ers",167406,5.90422
"222","Lance Stephenson",199,"SF",25,"TOT",69,13,19.9,3.3,6.9,0.481,0.4,1.1,0.385,2.9,5.7,0.5,0.513,1.3,1.6,0.784,0.6,2.7,3.2,1.9,0.6,0.1,1.4,2,8.3,"Memphis Grizzlies",9000000,10.52163
"191","Jusuf Nurkic",200,"C",21,"DEN",32,3,17.1,3.2,7.6,0.417,0,0.1,0,3.2,7.5,0.423,0.417,1.9,3.1,0.616,2,3.4,5.5,1.3,0.8,1.4,1.7,2.8,8.2,"Denver Nuggets",1842000,10.27905
"223","Lance Thomas",201,"PF",27,"NYK",59,5,22.3,2.9,6.5,0.442,0.7,1.8,0.404,2.1,4.6,0.458,0.5,1.7,2,0.857,0.6,1.6,2.2,0.9,0.4,0.1,1,1.8,8.2,"New York Knicks",1636842,8.975
"261","Mo Williams",202,"PG",33,"CLE",41,14,18.2,3.2,7.4,0.437,0.9,2.5,0.353,2.3,4.9,0.48,0.497,0.9,1,0.905,0.1,1.6,1.8,2.4,0.3,0.1,1.4,1.5,8.2,"Cleveland Cavaliers",2100000,9.3436
"333","Stanley Johnson",203,"SF",19,"DET",73,6,23.1,3.1,8.2,0.375,0.9,2.8,0.307,2.2,5.4,0.41,0.428,1.1,1.4,0.784,0.8,3.4,4.2,1.6,0.8,0.2,1.6,2.4,8.1,"Detroit Pistons",2841960,9.04792
"284","P.J. Tucker",205,"SF",30,"PHO",82,80,31,2.9,7.1,0.411,0.8,2.5,0.33,2.1,4.6,0.455,0.469,1.3,1.7,0.746,2,4.2,6.2,2.2,1.3,0.2,1.4,2.5,8,"Phoenix Suns",5500000,12.01578
"337","Steven Adams",204,"C",22,"OKC",80,80,25.2,3.3,5.3,0.613,0,0,0.293816618911175,3.3,5.3,0.613,0.613,1.4,2.5,0.582,2.7,3.9,6.7,0.8,0.5,1.1,1.1,2.8,8,"Oklahoma City Thunder",2279040,15.23918
"146","Jared Dudley",206,"PF",30,"WAS",81,41,25.9,2.9,6,0.478,1.2,2.9,0.42,1.6,3.1,0.534,0.581,0.9,1.2,0.735,0.7,2.9,3.5,2.1,0.9,0.2,1,2.3,7.9,"Washington Wizards",4375000,12.76457
"170","Joffrey Lauvergne",207,"C",24,"DEN",59,15,17.6,3.3,6.4,0.513,0.2,0.9,0.245,3.1,5.5,0.557,0.53,1.1,1.2,0.899,1.3,3.6,4.9,0.9,0.2,0.3,0.9,1.9,7.9,"Denver Nuggets",1709719,11.0399
"32","Ben McLemore",210,"SG",22,"SAC",68,53,21.2,2.9,6.7,0.429,1,2.7,0.362,1.9,4,0.474,0.502,1.1,1.5,0.718,0.5,1.7,2.2,1.2,0.8,0.1,1.5,2.1,7.8,"Sacramento Kings",3156600,8.82516
"84","David Lee",208,"PF",32,"TOT",55,5,16.4,3.2,6.1,0.531,0,0,0,3.2,6.1,0.533,0.531,1.3,1.7,0.763,1.8,3.7,5.5,1.5,0.4,0.5,1.2,2.1,7.8,"Dallas Mavericks",2085671,11.96343
"360","Tristan Thompson",211,"PF",24,"CLE",82,34,27.7,3,5.1,0.588,0,0,0.293816618911175,3,5.1,0.588,0.588,1.8,3,0.616,3.3,5.7,9,0.8,0.5,0.6,0.7,2.5,7.8,"Cleveland Cavaliers",14260870,15.86424
"139","Jameer Nelson",213,"PG",33,"DEN",39,15,26.6,2.9,7.9,0.368,1.1,3.7,0.299,1.8,4.2,0.429,0.438,0.8,0.9,0.857,0.5,2.5,2.9,4.9,0.6,0.1,1.7,2.6,7.7,"Denver Nuggets",4345000,10.08714
"373","Wayne Ellington",212,"SG",28,"BRK",76,41,21.3,2.9,7.4,0.389,1.3,3.5,0.358,1.6,3.9,0.416,0.474,0.7,0.8,0.857,0.3,2,2.3,1.1,0.6,0.1,0.6,1.1,7.7,"Brooklyn Nets",1500000,8.81166
"95","Devin Harris",216,"PG",32,"DAL",64,0,20,2.6,5.8,0.447,0.8,2.5,0.329,1.8,3.4,0.532,0.516,1.6,2.2,0.721,0.3,1.9,2.2,1.8,0.9,0.2,1,1.9,7.6,"Dallas Mavericks",4053446,10.02072
"183","Jose Calderon",214,"PG",34,"NYK",72,72,28.1,2.9,6.3,0.459,1.2,2.8,0.414,1.7,3.5,0.496,0.552,0.6,0.7,0.875,0.3,2.9,3.2,4.2,0.9,0.1,1.2,1.9,7.6,"New York Knicks",7402812,13.06032
"224","Langston Galloway",215,"PG",24,"NYK",82,7,24.8,2.8,7.2,0.393,0.9,2.7,0.344,1.9,4.4,0.423,0.458,1,1.4,0.754,0.5,3,3.5,2.5,0.9,0.3,0.7,2.2,7.6,"New York Knicks",845059,10.42866
"81","Darrell Arthur",217,"PF",27,"DEN",70,16,21.7,3.2,7,0.452,0.6,1.7,0.385,2.5,5.3,0.473,0.498,0.6,0.8,0.755,1.2,3,4.2,1.4,0.8,0.7,0.9,2.6,7.5,"Denver Nuggets",2814000,10.96596
"249","Matthew Dellavedova",219,"PG",25,"CLE",76,14,24.6,2.7,6.7,0.405,1.3,3.1,0.41,1.4,3.6,0.401,0.501,0.8,0.9,0.864,0.4,1.7,2.1,4.4,0.6,0.1,1.5,2.3,7.5,"Cleveland Cavaliers",1147276,10.68132
"145","JaMychal Green",222,"PF",25,"MEM",78,15,18.5,2.9,6.3,0.465,0.2,0.6,0.333,2.8,5.8,0.478,0.48,1.3,1.8,0.752,1.8,3,4.8,0.9,0.6,0.4,1.1,2.4,7.4,"Memphis Grizzlies",845059,9.816
"12","Amir Johnson",223,"PF",28,"BOS",79,76,22.8,3.2,5.4,0.585,0.1,0.5,0.233,3,4.8,0.624,0.596,0.9,1.5,0.57,2.3,4.1,6.4,1.7,0.7,1.1,1.2,2.7,7.3,"Boston Celtics",12000000,14.78676
"117","Garrett Temple",226,"SF",29,"WAS",80,43,24.4,2.5,6.3,0.398,1.1,3.2,0.345,1.4,3.1,0.453,0.486,1.1,1.6,0.728,0.5,2.2,2.7,1.8,0.9,0.2,0.8,2.4,7.3,"Washington Wizards",1100602,9.64224
"165","Jodie Meeks",225,"SG",28,"DET",3,0,14.3,2.3,6.7,0.35,1.3,3,0.444,1,3.7,0.273,0.45,1.3,1.3,1,0.3,1.3,1.7,1,0,0,0.3,0.7,7.3,"Detroit Pistons",6270000,7.263
"270","Nick Young",227,"SG",30,"LAL",54,2,19.1,2.3,6.9,0.339,1.4,4.4,0.325,0.9,2.5,0.363,0.442,1.2,1.4,0.829,0.3,1.5,1.8,0.6,0.4,0.1,0.6,0.9,7.3,"Los Angeles Lakers",5219169,7.12504
"326","Shane Larkin",224,"PG",23,"BRK",78,17,22.4,2.8,6.4,0.442,0.5,1.4,0.361,2.3,5.1,0.464,0.481,1.1,1.4,0.776,0.4,1.9,2.3,4.4,1.2,0.2,1.9,1.6,7.3,"Brooklyn Nets",1500000,10.52428
"41","Brandon Bass",228,"PF",30,"LAL",66,0,20.3,2.6,4.8,0.549,0,0,0,2.6,4.8,0.552,0.549,1.9,2.2,0.845,1.6,2.7,4.3,1.1,0.5,0.8,0.6,1.9,7.2,"Los Angeles Lakers",3000000,11.68821
"70","Corey Brewer",229,"SF",29,"HOU",82,12,20.4,2.6,6.7,0.384,0.7,2.7,0.272,1.8,4,0.46,0.439,1.3,1.7,0.75,0.5,1.9,2.4,1.3,1,0.2,1,2,7.2,"Houston Rockets",8229375,8.07321
"79","Danny Green",233,"SG",28,"SAS",79,79,26.1,2.7,7.1,0.376,1.5,4.4,0.332,1.2,2.7,0.448,0.48,0.4,0.6,0.739,0.6,3.2,3.8,1.8,1,0.8,0.9,1.8,7.2,"San Antonio Spurs",10000000,10.656
"141","James Ennis",232,"SF",25,"TOT",22,5,15,2.5,5.1,0.478,1.2,2.6,0.448,1.3,2.5,0.509,0.593,1.1,1.5,0.735,1,1,1.9,1,0.7,0.2,0.9,1.3,7.2,"Memphis Grizzlies",845059,10.03356
"151","Jason Smith",234,"C",29,"ORL",76,2,15.5,3.2,6.6,0.485,0.1,0.2,0.25,3.2,6.4,0.493,0.489,0.7,0.9,0.806,0.7,2.2,2.9,0.8,0.4,0.9,0.8,2.1,7.2,"Orlando Magic",4300000,9.1932
"256","Mike Dunleavy",231,"SF",35,"CHI",31,30,22.7,2.5,6.1,0.41,1.3,3.2,0.394,1.2,2.9,0.427,0.513,0.9,1.2,0.784,0.3,2.4,2.7,1.3,0.5,0.3,0.8,2.1,7.2,"Chicago Bulls",4500000,9.39303
"368","Tyson Chandler",230,"C",33,"PHO",66,60,24.5,2.8,4.8,0.583,0,0,0,2.8,4.7,0.585,0.583,1.6,2.6,0.62,2.7,6.1,8.7,1,0.5,0.7,1.4,2.2,7.2,"Phoenix Suns",13000000,14.44674
"1","Aaron Brooks",235,"PG",31,"CHI",69,0,16.1,2.7,6.8,0.401,1,2.7,0.357,1.8,4.1,0.43,0.471,0.7,0.9,0.766,0.3,1.2,1.5,2.6,0.4,0.1,1.2,1.9,7.1,"Chicago Bulls",2250000,8.15772
"85","David West",237,"PF",35,"SAS",78,19,18,3.1,5.7,0.545,0,0.1,0.429,3.1,5.7,0.546,0.548,0.8,1,0.788,0.9,3,4,1.8,0.6,0.7,0.9,1.8,7.1,"San Antonio Spurs",1499187,11.65048
"245","Marreese Speights",236,"C",28,"GSW",72,0,11.6,2.7,6.3,0.432,0.3,0.9,0.387,2.4,5.5,0.439,0.458,1.3,1.6,0.825,1.1,2.3,3.3,0.8,0.3,0.5,0.9,1.6,7.1,"Golden State Warriors",3815000,8.20736
"15","Andre Iguodala",243,"SF",32,"GSW",65,1,26.6,2.7,5.7,0.478,0.8,2.4,0.351,1.9,3.3,0.57,0.552,0.8,1.3,0.614,0.8,3.2,4,3.4,1.1,0.3,1.2,1.6,7,"Golden State Warriors",11710456,12.77328
"36","Bobby Portis",244,"PF",20,"CHI",62,4,17.8,3,7,0.427,0.3,0.8,0.308,2.7,6.2,0.443,0.445,0.8,1.1,0.727,2,3.5,5.4,0.8,0.4,0.4,0.9,1.6,7,"Chicago Bulls",1391160,9.0157
"67","Clint Capela",239,"C",21,"HOU",77,35,19.1,3,5.2,0.582,0,0,0,3,5.1,0.583,0.582,1,2.7,0.379,2.5,3.9,6.4,0.6,0.8,1.2,0.8,2.5,7,"Houston Rockets",1242720,13.81668
"116","Festus Ezeli",241,"C",26,"GSW",46,13,16.7,2.7,5,0.548,0,0,0.293816618911175,2.7,5,0.548,0.548,1.5,2.9,0.53,2,3.6,5.6,0.7,0.4,1.1,0.8,2,7,"Golden State Warriors",2008748,12.01764
"171","John Henson",242,"C",25,"MIL",57,1,16.8,2.9,5.1,0.564,0,0,0,2.9,5.1,0.566,0.564,1.2,2.1,0.59,1.5,2.4,3.9,0.9,0.3,1.9,1.1,2.3,7,"Milwaukee Bucks",2943221,11.8722
"234","Luke Babbitt",238,"SF",26,"NOP",47,13,18,2.6,6.1,0.422,0.9,2.3,0.404,1.7,3.8,0.433,0.498,0.8,1.1,0.78,0.5,2.6,3.1,1.1,0.2,0.1,0.5,1.9,7,"New Orleans Pelicans",1100602,8.79966
"375","Willie Cauley-Stein",240,"C",22,"SAC",66,39,21.4,2.9,5.1,0.563,0,0,0,2.9,5.1,0.567,0.563,1.2,1.9,0.648,2,3.3,5.3,0.6,0.7,1,0.7,2.2,7,"Sacramento Kings",3398280,12.386
"21","Andrew Nicholson",248,"PF",26,"ORL",56,0,14.7,2.6,5.5,0.471,0.7,2,0.36,1.9,3.5,0.536,0.537,0.9,1.2,0.785,0.6,3,3.6,0.4,0.2,0.4,0.7,1.2,6.9,"Orlando Magic",2380593,9.27936
"40","Brandan Wright",250,"PF",28,"MEM",12,2,17.7,2.9,4.3,0.673,0,0,0.293816618911175,2.9,4.3,0.673,0.673,1.1,2,0.542,1.2,2.4,3.6,0.5,0.4,1.3,0.8,1.8,6.9,"Memphis Grizzlies",5464000,13.08985
"42","Brandon Jennings",246,"PG",26,"TOT",48,7,18.1,2.3,6.3,0.368,1.1,3.2,0.329,1.3,3.1,0.409,0.452,1.2,1.6,0.731,0.3,1.7,2,3.5,0.6,0.1,1.2,1.2,6.9,"Orlando Magic",8344497,8.72812
"288","Patrick Patterson",249,"PF",26,"TOR",79,0,25.6,2.6,6.2,0.414,1.3,3.7,0.362,1.2,2.5,0.49,0.521,0.4,0.4,0.853,1,3.4,4.3,1.2,0.7,0.4,0.8,1.6,6.9,"Toronto Raptors",6268675,10.49294
"212","Kosta Koufos",252,"C",26,"SAC",78,14,19,3,5.7,0.532,0,0,0.293816618911175,3,5.7,0.532,0.532,0.7,1.3,0.548,2.2,3.3,5.4,0.4,0.5,0.9,0.6,2.4,6.8,"Sacramento Kings",7700000,11.19328
"18","Andrea Bargnani",253,"C",30,"BRK",46,0,13.8,2.8,6.1,0.455,0.1,0.3,0.188,2.7,5.7,0.471,0.461,1,1.2,0.825,0.6,1.5,2.1,0.4,0.1,0.2,0.6,1.3,6.6,"Brooklyn Nets",1362897,6.69372
"186","Josh Richardson",255,"SG",22,"MIA",52,2,21.3,2.4,5.2,0.452,1,2.2,0.461,1.3,3,0.446,0.55,0.8,1.2,0.667,0.4,1.7,2.1,1.4,0.7,0.5,0.7,2.1,6.6,"Miami Heat",525093,9.702
"371","Vince Carter",254,"SG",39,"MEM",60,3,16.8,2.2,5.7,0.388,1,2.8,0.349,1.2,2.9,0.425,0.474,1.2,1.4,0.833,0.5,1.9,2.4,0.9,0.6,0.3,0.6,1.7,6.6,"Memphis Grizzlies",4088019,7.97742
"104","Ed Davis",256,"PF",26,"POR",81,0,20.8,2.5,4.2,0.611,0,0,0.293816618911175,2.5,4.2,0.611,0.611,1.4,2.5,0.559,2.8,4.6,7.4,1.1,0.7,0.9,0.8,2.5,6.5,"Portland Trail Blazers",6980802,14.65789
"214","Kris Humphries",257,"PF",30,"TOT",53,17,15.8,2.3,5.6,0.41,0.6,2,0.315,1.6,3.5,0.465,0.468,1.3,1.6,0.798,1.1,3,4.1,0.7,0.3,0.4,0.7,1.8,6.5,"Washington Wizards",1000000,8.33508
"38","Boris Diaw",260,"PF",33,"SAS",76,4,18.2,2.7,5,0.527,0.3,0.9,0.362,2.3,4.1,0.564,0.56,0.7,1,0.737,0.8,2.3,3.1,2.3,0.3,0.3,1.3,1.3,6.4,"San Antonio Spurs",7500000,9.828
"190","Justise Winslow",264,"SF",19,"MIA",78,8,28.6,2.5,5.9,0.422,0.4,1.5,0.276,2.1,4.4,0.471,0.457,1,1.5,0.684,1,4.1,5.2,1.5,0.9,0.3,1.2,2.4,6.4,"Miami Heat",2481720,9.25425
"227","Leandro Barbosa",259,"SG",33,"GSW",68,0,15.9,2.5,5.4,0.462,0.6,1.6,0.355,1.9,3.8,0.508,0.515,0.8,0.9,0.839,0.4,1.3,1.7,1.2,0.6,0.1,0.8,1.6,6.4,"Golden State Warriors",2500000,7.8898
"250","Maurice Harkless",262,"SF",22,"POR",78,14,18.7,2.5,5.3,0.474,0.5,1.8,0.279,2,3.5,0.576,0.522,0.9,1.4,0.622,1.3,2.3,3.6,0.9,0.6,0.4,0.8,1.6,6.4,"Portland Trail Blazers",2894059,9.2655
"342","Thabo Sefolosha",263,"SF",31,"ATL",75,11,23.4,2.5,5,0.505,0.6,1.7,0.339,1.9,3.3,0.589,0.562,0.8,1.3,0.626,0.7,3.8,4.5,1.4,1.1,0.5,0.9,1.5,6.4,"Atlanta Hawks",4000000,11.5772
"28","Aron Baynes",265,"C",29,"DET",81,1,15.2,2.4,4.7,0.505,0,0,0,2.4,4.7,0.508,0.505,1.6,2,0.764,1.7,3,4.7,0.6,0.3,0.6,0.8,1.9,6.3,"Detroit Pistons",6500000,9.2112
"327","Shaun Livingston",266,"PG",30,"GSW",78,3,19.5,2.6,4.9,0.536,0,0.2,0.167,2.6,4.7,0.548,0.538,1,1.2,0.86,0.5,1.6,2.2,3,0.7,0.3,1,1.8,6.3,"Golden State Warriors",5543725,10.04984
"349","Timofey Mozgov",267,"C",29,"CLE",76,48,17.4,2.7,4.7,0.565,0,0.1,0.143,2.7,4.6,0.574,0.567,0.9,1.3,0.716,1.4,3,4.4,0.4,0.3,0.8,0.9,2.1,6.3,"Cleveland Cavaliers",4950000,10.0926
"98","Donatas Motiejunas",269,"PF",25,"HOU",37,22,14.8,2.4,5.5,0.439,0.4,1.5,0.281,2,4,0.5,0.478,0.9,1.4,0.642,1,1.9,2.9,1.1,0.5,0.1,1.2,1.9,6.2,"Houston Rockets",2288205,7.32774
"257","Mike Scott",270,"PF",27,"ATL",75,0,15.3,2.3,5,0.468,0.8,2.1,0.392,1.5,2.9,0.523,0.551,0.7,0.8,0.794,0.7,2,2.7,1,0.3,0.2,0.6,1.4,6.2,"Atlanta Hawks",3333333,8.71682
"283","P.J. Hairston",268,"SF",23,"TOT",66,52,19.9,2.2,6.2,0.355,1.1,3.7,0.29,1.1,2.5,0.449,0.441,0.8,1,0.781,0.4,2.3,2.6,0.6,0.5,0.2,0.6,2.1,6.2,"Charlotte Hornets",1201440,6.8355
"57","Channing Frye",272,"PF",32,"TOT",70,32,17.1,2.2,5,0.438,1.3,3.4,0.387,0.9,1.6,0.545,0.569,0.4,0.5,0.857,0.5,2.8,3.3,1,0.4,0.4,0.6,1.8,6.1,"Orlando Magic",8193029,9.65024
"80","Dante Cunningham",271,"SF",28,"NOP",80,46,24.6,2.3,5.2,0.451,0.7,2.2,0.316,1.6,3,0.55,0.518,0.7,1,0.695,0.7,2.2,3,1,0.5,0.4,0.5,2.2,6.1,"New Orleans Pelicans",2850000,8.79564
"243","Mario Hezonja",273,"SF",20,"ORL",79,9,17.9,2.3,5.3,0.433,0.8,2.4,0.349,1.4,2.9,0.504,0.513,0.6,0.7,0.907,0.4,1.9,2.2,1.4,0.5,0.2,1.2,1.6,6.1,"Orlando Magic",3741480,7.67448
"292","Paul Pierce",276,"SF",38,"LAC",68,38,18.1,2.1,5.8,0.363,1.1,3.6,0.31,1,2.3,0.445,0.457,0.8,1,0.818,0.2,2.6,2.7,1,0.5,0.3,0.9,1.9,6.1,"LA Clippers",3376000,7.1749
"359","Trey Lyles",274,"PF",20,"UTA",80,33,17.3,2.4,5.5,0.438,0.6,1.6,0.383,1.8,3.9,0.461,0.494,0.7,1,0.695,0.7,3,3.7,0.7,0.3,0.2,0.8,1.4,6.1,"Utah Jazz",2239800,7.91882
"366","Tyler Zeller",277,"C",26,"BOS",60,3,11.8,2.3,4.8,0.476,0,0,0.293816618911175,2.3,4.8,0.476,0.476,1.5,1.8,0.815,1,1.9,3,0.5,0.2,0.4,0.8,1.6,6.1,"Boston Celtics",2616975,7.18284
"10","Alexis Ajinca",278,"C",27,"NOP",59,17,14.6,2.5,5.3,0.476,0,0,0,2.5,5.3,0.478,0.476,0.9,1.1,0.839,1.3,3.3,4.6,0.5,0.3,0.6,0.9,2.3,6,"New Orleans Pelicans",4389607,8.211
"332","Spencer Hawes",280,"PF",27,"CHO",57,6,18.2,2.2,5.4,0.405,0.7,1.8,0.373,1.5,3.6,0.422,0.467,0.9,1.1,0.831,0.9,3.4,4.3,1.9,0.4,0.5,1,1.9,6,"Charlotte Hornets",6110034,8.78427
"298","Randy Foye",285,"SG",32,"TOT",81,8,20.3,2.1,6,0.351,0.9,3.1,0.3,1.2,2.9,0.405,0.428,0.8,0.9,0.824,0.3,1.6,1.9,2,0.5,0.4,1.1,1.6,5.9,"Oklahoma City Thunder",3135000,6.72816
"300","Raul Neto",288,"PG",23,"UTA",81,53,18.5,2.2,5.2,0.431,0.8,2,0.395,1.4,3.2,0.453,0.507,0.6,0.9,0.743,0.2,1.3,1.5,2.1,0.8,0,1.3,1.5,5.9,"Utah Jazz",900000,7.51881
"312","Roy Hibbert",286,"C",29,"LAL",81,81,23.2,2.2,5.1,0.443,0,0,0,2.2,5,0.445,0.443,1.4,1.8,0.807,1.6,3.3,4.9,1.2,0.4,1.4,0.9,3.1,5.9,"Los Angeles Lakers",15592217,8.98404
"357","Trevor Booker",283,"PF",28,"UTA",79,2,20.7,2.4,4.9,0.49,0.2,0.5,0.293,2.3,4.4,0.513,0.505,0.9,1.3,0.67,2.1,3.6,5.7,1.1,0.7,0.5,1,2.1,5.9,"Utah Jazz",4775000,9.95355
"129","Iman Shumpert",292,"SG",25,"CLE",54,5,24.4,2.1,5.6,0.374,0.8,2.7,0.295,1.3,2.9,0.447,0.444,0.7,0.9,0.784,0.6,3.2,3.8,1.7,1,0.4,1.1,2.2,5.8,"Cleveland Cavaliers",8988765,8.15628
"311","Rondae Hollis-Jefferson",290,"SF",21,"BRK",29,17,21.2,2.2,4.8,0.457,0.1,0.5,0.286,2,4.3,0.476,0.471,1.3,1.8,0.712,1.3,4,5.3,1.5,1.3,0.6,0.9,2.1,5.8,"Brooklyn Nets",1335480,9.99933
"125","Greivis Vasquez",297,"PG",29,"MIL",23,0,20,2,6,0.326,0.8,3.2,0.247,1.2,2.8,0.415,0.391,1,1.1,0.846,0.2,1.8,2,4,0.4,0,1.7,1.8,5.7,"Milwaukee Bucks",6600000,6.4124
"149","Jarell Martin",295,"PF",21,"MEM",27,0,14.1,2,4.3,0.466,0,0.1,0,2,4.2,0.474,0.466,1.7,2.3,0.726,1.4,1.7,3.2,0.6,0.3,0.3,0.7,2.1,5.7,"Memphis Grizzlies",1230840,6.96204
"362","Ty Lawson",294,"PG",28,"TOT",66,13,21.4,2.1,5.4,0.393,0.5,1.6,0.333,1.6,3.7,0.419,0.444,0.9,1.3,0.686,0.4,1.4,1.8,3.6,0.8,0.1,1.4,1.3,5.7,"Indiana Pacers",211744,7.5924
"25","Anthony Morrow",302,"SG",30,"OKC",68,6,13.6,2,4.9,0.408,1.2,3,0.387,0.8,1.9,0.442,0.527,0.4,0.6,0.744,0.1,0.8,0.9,0.4,0.3,0.1,0.3,0.9,5.6,"Oklahoma City Thunder",3344000,6.33454
"48","Bryce Dejean-Jones",299,"SG",23,"NOP",14,11,19.9,2,4.9,0.406,0.9,2.3,0.375,1.1,2.6,0.432,0.493,0.8,1.5,0.524,0.6,2.9,3.4,1.1,0.7,0.1,0.8,1.2,5.6,"New Orleans Pelicans",169883,7.87321
"161","Jerian Grant",300,"PG",23,"NYK",76,6,16.6,2,5.1,0.394,0.3,1.3,0.22,1.7,3.8,0.454,0.422,1.3,1.6,0.78,0.3,1.6,1.9,2.3,0.7,0.1,1.1,1.3,5.6,"New York Knicks",1572360,6.51146
"278","Norman Powell",303,"SG",22,"TOR",49,24,14.8,2,4.7,0.424,0.7,1.8,0.404,1.2,2.9,0.436,0.502,0.9,1.1,0.811,0.3,1.9,2.3,1,0.6,0.2,0.7,1.2,5.6,"Toronto Raptors",650000,7.36936
"304","Richaun Holmes",301,"PF",22,"PHI",51,1,13.8,2.2,4.4,0.514,0.2,0.9,0.182,2.1,3.5,0.596,0.532,1,1.5,0.689,1.2,1.4,2.6,0.6,0.4,0.8,0.6,1.8,5.6,"Philadelphia 76ers",1074169,8.20344
"346","Tiago Splitter",304,"C",31,"ATL",36,2,16.1,2.3,4.3,0.523,0,0.1,0,2.3,4.3,0.529,0.523,1.1,1.3,0.813,1.3,2.1,3.3,0.8,0.6,0.3,0.7,2,5.6,"Atlanta Hawks",9756250,8.25294
"361","Troy Daniels",298,"SG",24,"CHO",43,0,11.1,2.1,4.3,0.476,1.4,2.8,0.484,0.7,1.5,0.462,0.634,0.1,0.2,0.556,0.2,1.2,1.3,0.5,0.3,0.1,0.6,0.9,5.6,"Charlotte Hornets",947276,7.67774
"35","Boban Marjanovic",308,"C",27,"SAS",54,4,9.4,1.9,3.2,0.603,0,0,0.293816618911175,1.9,3.2,0.603,0.603,1.6,2.1,0.763,1.4,2.2,3.6,0.4,0.2,0.4,0.5,1,5.5,"San Antonio Spurs",1200000,9.11736
"69","Cole Aldrich",305,"C",27,"LAC",60,5,13.3,2.2,3.8,0.596,0,0,0.293816618911175,2.2,3.8,0.596,0.596,1,1.4,0.714,1.4,3.4,4.8,0.8,0.8,1.1,1.1,2.3,5.5,"LA Clippers",1100602,11.13328
"225","Larry Nance Jr.",309,"PF",23,"LAL",63,22,20.1,2.5,4.8,0.527,0,0.2,0.1,2.5,4.6,0.541,0.528,0.5,0.7,0.681,1.6,3.3,5,0.7,0.9,0.4,0.7,2,5.5,"Los Angeles Lakers",1155600,9.65712
"19","Andrew Bogut",311,"C",31,"GSW",70,66,20.7,2.5,4,0.627,0,0,1,2.5,4,0.626,0.629,0.3,0.7,0.48,1.7,5.3,7,2.3,0.5,1.6,1.2,3.2,5.4,"Golden State Warriors",13800000,14.85069
"226","Lavoy Allen",310,"PF",26,"IND",79,28,20.2,2.4,4.7,0.516,0,0,0.293816618911175,2.4,4.7,0.516,0.516,0.6,0.9,0.63,2.1,3.3,5.4,1,0.3,0.5,0.9,1.9,5.4,"Indiana Pacers",4050000,9.12288
"26","Anthony Tolliver",314,"PF",30,"DET",72,5,18.6,1.8,4.6,0.386,1.4,3.8,0.36,0.4,0.8,0.5,0.533,0.4,0.7,0.617,0.5,2.6,3.2,0.7,0.4,0.2,0.4,1.2,5.3,"Detroit Pistons",3000000,7.94703
"354","Tony Snell",313,"SF",24,"CHI",64,33,20.3,2,5.3,0.372,0.9,2.4,0.361,1.1,2.9,0.38,0.454,0.5,0.5,0.909,0.3,2.8,3.1,1,0.3,0.3,0.8,1.6,5.3,"Chicago Bulls",1535880,6.59208
"137","JaKarr Sampson",320,"SF",22,"TOT",73,40,15.9,1.9,4.3,0.442,0.2,0.9,0.222,1.7,3.5,0.496,0.464,1.1,1.7,0.656,0.6,2,2.6,0.6,0.3,0.5,1,1.9,5.1,"Philadelphia 76ers",258489,6.032
"258","Miles Plumlee",319,"C",27,"MIL",61,14,14.3,2.3,3.8,0.601,0,0,0.293816618911175,2.3,3.8,0.601,0.601,0.6,1,0.576,1.5,2.3,3.8,0.3,0.3,0.8,0.7,1.2,5.1,"Milwaukee Bucks",2109294,9.09313
"266","Nemanja Bjelica",316,"PF",27,"MIN",60,0,17.9,1.8,3.9,0.468,0.8,2.1,0.384,1,1.8,0.564,0.57,0.7,0.9,0.727,0.8,2.7,3.5,1.4,0.4,0.4,0.8,2.6,5.1,"Minnesota Timberwolves",3950001,8.9148
"52","Cameron Payne",324,"PG",21,"OKC",57,1,12.2,2,4.9,0.41,0.6,1.9,0.324,1.4,2.9,0.467,0.475,0.3,0.4,0.792,0.2,1.3,1.5,1.9,0.6,0.1,0.8,1.4,5,"Oklahoma City Thunder",2021520,6.46475
"143","James Johnson",323,"PF",28,"TOR",57,32,16.2,2,4.2,0.475,0.4,1.2,0.303,1.6,3.1,0.54,0.517,0.7,1.2,0.574,0.5,1.7,2.2,1.2,0.5,0.6,0.9,1.5,5,"Toronto Raptors",2500000,7.24834
"17","Andre Roberson",329,"SG",24,"OKC",70,70,22.2,1.9,3.9,0.496,0.5,1.5,0.311,1.5,2.4,0.608,0.555,0.5,0.8,0.611,1.1,2.5,3.6,0.7,0.8,0.6,0.5,1.9,4.8,"Oklahoma City Thunder",1210800,8.83005
"218","Kyle O'Quinn",328,"PF",25,"NYK",65,1,11.8,2,4.2,0.476,0.1,0.3,0.227,1.9,3.8,0.498,0.485,0.7,0.9,0.767,1.2,2.7,3.8,1.1,0.3,0.8,0.9,1.6,4.8,"New York Knicks",3750000,7.48355
"331","Spencer Dinwiddie",327,"PG",22,"DET",12,0,13.3,1.6,4.5,0.352,0.1,0.8,0.1,1.5,3.7,0.409,0.361,1.6,2.8,0.576,0.3,1.1,1.4,1.8,0.3,0,0.6,1.7,4.8,"Detroit Pistons",845059,4.52694
"33","Beno Udrih",332,"PG",33,"TOT",44,5,16.1,2,4.5,0.434,0.3,1,0.341,1.6,3.5,0.461,0.472,0.4,0.5,0.9,0.2,1.5,1.6,2.6,0.3,0,1.2,1.2,4.7,"Memphis Grizzlies",2170465,6.00384
"64","Chris McCullough",330,"PF",20,"BRK",24,4,15.1,1.8,4.5,0.404,0.5,1.4,0.382,1.3,3.1,0.413,0.463,0.5,1,0.478,1,1.8,2.8,0.4,1.2,0.5,0.6,1.6,4.7,"Brooklyn Nets",1140240,6.82462
"376","Willie Reed",331,"PF",25,"BRK",39,2,10.9,1.9,3.4,0.571,0,0,0.293816618911175,1.9,3.4,0.571,0.571,0.8,1.4,0.545,1.3,1.9,3.1,0.3,0.2,0.8,0.4,1.2,4.7,"Brooklyn Nets",947276,7.94261
"11","Alonzo Gee",335,"SF",28,"NOP",73,38,22.4,1.8,3.5,0.518,0.2,0.8,0.283,1.6,2.7,0.59,0.551,0.6,0.9,0.667,0.8,2.5,3.4,1,0.9,0.2,0.8,2.3,4.5,"New Orleans Pelicans",1320000,7.95644
"180","Jordan McRae",338,"PG",24,"TOT",22,1,8.9,1.5,3.5,0.436,0.5,1,0.455,1.1,2.5,0.429,0.5,1,1.3,0.75,0.2,0.7,0.9,1.1,0.1,0,0.7,0.8,4.5,"Phoenix Suns",111196,4.885
"216","Kyle Anderson",333,"SF",22,"SAS",78,11,16,1.8,3.8,0.468,0.2,0.5,0.324,1.6,3.3,0.488,0.488,0.8,1.1,0.747,0.3,2.8,3.1,1.6,0.8,0.4,0.8,1.2,4.5,"San Antonio Spurs",1142880,7.40784
"275","Nikola Pekovic",339,"C",30,"MIN",12,3,13,1.6,4.2,0.38,0,0,0.293816618911175,1.6,4.2,0.38,0.38,1.3,1.7,0.8,0.6,1.2,1.8,0.9,0.1,0,0.8,1.8,4.5,"Minnesota Timberwolves",12100000,3.9406
"363","Tyler Ennis",334,"PG",21,"MIL",46,7,14.2,1.8,4.1,0.449,0.3,0.8,0.333,1.5,3.2,0.48,0.484,0.5,0.7,0.735,0.3,1.3,1.6,2.1,0.5,0,1,1.4,4.5,"Milwaukee Bucks",1662360,5.98708
"175","Jonas Jerebko",342,"PF",28,"BOS",78,0,15.1,1.5,3.7,0.413,0.6,1.4,0.398,1,2.3,0.421,0.488,0.8,1,0.782,1,2.7,3.7,0.8,0.3,0.3,0.7,1.8,4.4,"Boston Celtics",5000000,6.588
"335","Steve Blake",340,"PG",35,"DET",58,2,17,1.6,4.1,0.388,0.9,2.6,0.344,0.7,1.5,0.461,0.496,0.3,0.3,0.8,0.2,1.4,1.5,3.4,0.4,0.1,1.4,1.2,4.4,"Detroit Pistons",2170465,6.5968
"51","C.J. Watson",346,"PG",31,"ORL",33,2,19.9,1.4,4.2,0.343,0.4,1.5,0.292,1,2.7,0.371,0.394,1,1.2,0.872,0.3,1.7,2,2.7,0.6,0.2,0.8,1.5,4.3,"Orlando Magic",5000000,5.6539
"156","Jeff Withey",347,"C",25,"UTA",51,10,12.9,1.7,3.2,0.537,0,0,0,1.7,3.1,0.544,0.537,0.8,1.2,0.729,1.1,2.3,3.4,0.4,0.4,1,0.5,1.5,4.3,"Utah Jazz",947276,7.68984
"164","Joakim Noah",344,"C",30,"CHI",29,2,21.9,1.8,4.6,0.383,0,0,0,1.8,4.6,0.386,0.383,0.8,1.6,0.489,3,5.8,8.8,3.8,0.6,1,1.8,2.7,4.3,"Chicago Bulls",13400000,9.17668
"345","Thomas Robinson",345,"PF",24,"BRK",71,7,12.9,1.8,4.1,0.447,0,0,0,1.8,4.1,0.448,0.447,0.7,1.5,0.431,1.9,3.1,5.1,0.6,0.5,0.5,1,1.6,4.3,"Brooklyn Nets",981348,6.68712
"44","Brandon Rush",352,"SG",30,"GSW",72,25,14.7,1.5,3.6,0.427,0.9,2.2,0.414,0.6,1.4,0.447,0.552,0.3,0.4,0.643,0.3,2.2,2.5,0.8,0.3,0.3,0.5,0.8,4.2,"Golden State Warriors",1270964,6.65712
"166","Joe Ingles",349,"SF",28,"UTA",81,2,15.3,1.5,3.6,0.426,1,2.6,0.386,0.5,1,0.531,0.565,0.2,0.2,0.722,0.2,1.6,1.9,1.2,0.7,0,0.8,1.2,4.2,"Utah Jazz",2050000,6.554
"318","Ryan Kelly",351,"PF",24,"LAL",36,0,13.1,1.5,4.1,0.369,0.1,1,0.135,1.4,3.1,0.446,0.386,1,1.5,0.685,0.6,2.8,3.4,0.6,0.4,0.3,0.5,1.1,4.2,"Los Angeles Lakers",1724250,5.03344
"329","Solomon Hill",348,"SF",24,"IND",59,3,14.7,1.6,3.5,0.447,0.4,1.3,0.324,1.2,2.3,0.515,0.505,0.6,0.7,0.857,0.7,2.2,2.8,1,0.6,0.2,0.6,1.2,4.2,"Indiana Pacers",1358880,6.5347
"369","Tyus Jones",350,"PG",19,"MIN",37,0,15.5,1.5,4.2,0.359,0.4,1.4,0.302,1.1,2.8,0.388,0.41,0.8,1.1,0.718,0.2,1.1,1.3,2.9,0.8,0.1,0.9,0.9,4.2,"Minnesota Timberwolves",1282080,5.5965
"58","Chase Budinger",354,"SF",27,"TOT",66,2,14.1,1.6,3.6,0.435,0.4,1.3,0.279,1.2,2.3,0.523,0.485,0.6,0.8,0.696,0.7,1.6,2.3,1,0.5,0.2,0.7,0.9,4.1,"Phoenix Suns",206192,5.7133
"172","John Jenkins",355,"SG",24,"TOT",43,3,11.2,1.7,3.7,0.444,0.4,1.2,0.314,1.3,2.5,0.505,0.494,0.5,0.6,0.833,0.2,1.1,1.3,0.8,0.2,0,0.6,0.5,4.1,"Phoenix Suns",981348,4.67324
"23","Anthony Brown",357,"SF",23,"LAL",29,11,20.7,1.3,4.3,0.31,0.7,2.4,0.286,0.7,1.9,0.339,0.389,0.6,0.7,0.85,0.3,2.1,2.4,0.7,0.5,0.2,0.5,1.2,4,"Los Angeles Lakers",700000,4.52407
"45","Brian Roberts",360,"PG",30,"TOT",51,0,9.2,1.5,3.2,0.448,0.3,0.8,0.357,1.2,2.4,0.48,0.494,0.8,0.9,0.894,0.1,0.7,0.8,1.1,0.2,0,0.5,0.7,4,"Charlotte Hornets",2854940,4.59914
"83","Darrun Hilliard",359,"SG",22,"DET",38,2,10.1,1.4,3.4,0.397,0.5,1.3,0.38,0.9,2.1,0.407,0.469,0.8,1.1,0.725,0.1,1.1,1.2,0.7,0.2,0,0.5,0.7,4,"Detroit Pistons",600000,4.31011
"280","Omer Asik",356,"C",29,"NOP",68,64,17.3,1.5,2.9,0.533,0,0,0.293816618911175,1.5,2.9,0.533,0.533,0.9,1.6,0.545,1.8,4.3,6.1,0.4,0.3,0.3,0.9,1.8,4,"New Orleans Pelicans",9213483,7.8351
"296","Rakeem Christmas",358,"PF",24,"IND",1,0,6,2,2,1,0,0,0.293816618911175,2,2,1,1,0,0,0.747632707774799,1,0,1,0,0,0,0,1,4,"Indiana Pacers",1007026,8.4
"59","Chris Andersen",361,"C",37,"TOT",27,15,14.9,1.4,2.7,0.528,0.1,0.5,0.286,1.3,2.1,0.586,0.556,0.9,1.3,0.694,1.3,2.3,3.6,0.4,0.6,0.5,0.3,1.1,3.9,"Memphis Grizzlies",5000000,7.5616
"206","Kevin Seraphin",362,"C",26,"NYK",48,0,11,1.8,4.3,0.41,0,0,0,1.8,4.2,0.414,0.41,0.4,0.5,0.826,0.6,2,2.6,1,0.2,0.8,0.9,1.4,3.9,"New York Knicks",2814000,4.9282
"87","Delon Wright",365,"PG",23,"TOR",27,1,8.5,1.3,3,0.45,0.2,0.5,0.385,1.1,2.5,0.463,0.481,1,1.3,0.743,0.3,1.1,1.4,1.1,0.3,0.1,0.6,0.3,3.8,"Toronto Raptors",1509360,4.75709
"168","Joe Young",366,"PG",23,"IND",41,0,9.4,1.5,4.1,0.367,0.2,1.1,0.217,1.3,3,0.423,0.396,0.5,0.6,0.8,0.1,1.1,1.2,1.6,0.4,0,0.8,0.7,3.8,"Indiana Pacers",1007026,3.97584
"189","Justin Anderson",363,"SF",22,"DAL",55,9,11.8,1.3,3.2,0.406,0.4,1.5,0.265,0.9,1.7,0.533,0.469,0.8,1,0.8,0.3,2.1,2.4,0.5,0.3,0.5,0.4,0.8,3.8,"Dallas Mavericks",1449000,5.32315
"16","Andre Miller",372,"PG",39,"TOT",39,4,11.8,1.5,2.7,0.557,0.1,0.2,0.25,1.5,2.5,0.582,0.566,0.6,0.8,0.75,0.3,1,1.3,2.2,0.4,0,0.9,1.2,3.7,"San Antonio Spurs",250750,6.0562
"55","Caron Butler",367,"SF",35,"SAC",17,1,10.4,1.5,3.5,0.424,0.2,1.1,0.167,1.3,2.4,0.537,0.449,0.6,0.7,0.833,0.3,1,1.3,0.6,0.5,0.1,0.2,1.1,3.7,"Sacramento Kings",1449187,4.47204
"198","Kendall Marshall",370,"PG",24,"PHI",30,6,13.3,1.4,3.9,0.364,0.5,1.6,0.327,0.9,2.3,0.391,0.432,0.3,0.4,0.692,0.1,0.9,0.9,2.4,0.5,0.1,1.4,1,3.7,"Philadelphia 76ers",2144772,4.32864
"282","Orlando Johnson",368,"SG",26,"TOT",7,1,14.4,1.3,4.9,0.265,0.3,1.4,0.2,1,3.4,0.292,0.294,0.9,1.1,0.75,0.6,1.6,2.1,0.3,0.4,0.4,0.6,1.3,3.7,"Phoenix Suns",55722,2.9841
"325","Shabazz Napier",373,"PG",24,"ORL",55,0,10.9,1.2,3.7,0.338,0.6,1.9,0.327,0.6,1.8,0.351,0.423,0.6,0.8,0.733,0.2,0.8,1,1.8,0.4,0,0.8,0.7,3.7,"Orlando Magic",1294440,4.19616
"66","Christian Wood",380,"PF",20,"PHI",17,0,8.5,1.3,3.1,0.415,0.2,0.6,0.364,1.1,2.5,0.429,0.453,0.8,1.2,0.619,0.8,1.5,2.2,0.2,0.3,0.4,0.1,0.6,3.6,"Philadelphia 76ers",525093,4.81992
"185","Josh McRoberts",377,"PF",28,"MIA",42,1,14.2,1.3,3.5,0.372,0.3,1.2,0.245,1,2.4,0.434,0.412,0.7,1,0.7,0.5,2,2.5,1.9,0.4,0.2,0.7,1.6,3.6,"Miami Heat",5543725,5.05524
"263","Montrezl Harrell",376,"PF",22,"HOU",39,1,9.7,1.5,2.3,0.644,0,0,0,1.5,2.3,0.652,0.644,0.6,1.2,0.522,0.6,1,1.7,0.4,0.3,0.3,0.4,1.2,3.6,"Houston Rockets",1000000,6.1824
"277","Noah Vonleh",379,"PF",20,"POR",78,56,15.1,1.5,3.6,0.421,0.1,0.6,0.239,1.4,3,0.457,0.441,0.5,0.7,0.745,1.2,2.7,3.9,0.4,0.3,0.3,0.6,1.9,3.6,"Portland Trail Blazers",2637720,5.23908
"140","James Anderson",382,"SG",26,"SAC",51,15,14.1,1.3,3.5,0.376,0.5,1.7,0.267,0.9,1.8,0.478,0.441,0.4,0.6,0.759,0.3,1.4,1.7,0.8,0.4,0.3,0.8,1.1,3.5,"Sacramento Kings",1015421,4.1895
"177","Jordan Adams",381,"SG",21,"MEM",2,0,7.5,1,3,0.333,0,0.5,0,1,2.5,0.4,0.333,1.5,2.5,0.6,0,1,1,1.5,1.5,0,1,1,3.5,"Memphis Grizzlies",1404600,3.64635
"307","Robert Sacre",383,"C",26,"LAL",25,1,12.8,1.2,3,0.413,0,0,0.293816618911175,1.2,3,0.413,0.413,1,1.5,0.658,1.3,1.6,2.9,0.6,0.2,0.4,0.5,1.7,3.5,"Los Angeles Lakers",981348,4.53474
"73","Cristiano Felicio",385,"C",23,"CHI",31,4,10.4,1.3,2.3,0.556,0,0.1,0,1.3,2.2,0.588,0.556,0.8,1.1,0.714,1,2.3,3.3,0.8,0.2,0.4,0.4,1,3.4,"Chicago Bulls",525093,6.53856
"219","Kyle Singler",387,"SF",27,"OKC",68,2,14.4,1.3,3.3,0.389,0.4,1.4,0.309,0.8,1.8,0.452,0.457,0.4,0.6,0.659,0.7,1.3,2.1,0.4,0.4,0.1,0.5,1.8,3.4,"Oklahoma City Thunder",4500000,4.26838
"317","Ryan Hollins",386,"C",31,"TOT",37,12,12.4,1.3,2.1,0.62,0,0,0.293816618911175,1.3,2.1,0.62,0.62,0.7,1.1,0.619,1.3,1.4,2.6,0.3,0.2,0.6,0.6,1.7,3.4,"Memphis Grizzlies",239605,6.3302
"293","Phil Pressey",391,"PG",24,"TOT",23,0,12.3,1.3,3.4,0.385,0.2,0.8,0.222,1.1,2.6,0.433,0.41,0.6,1.1,0.52,0.1,1.2,1.3,3.3,0.8,0.2,1.4,1.2,3.3,"Phoenix Suns",55722,4.8913
"302","Reggie Bullock",388,"SF",24,"DET",37,0,11.6,1.2,2.6,0.439,0.6,1.4,0.415,0.6,1.2,0.467,0.551,0.4,0.4,0.933,0.4,1.5,1.8,0.7,0.3,0.1,0.2,0.8,3.3,"Detroit Pistons",1252440,5.28409
"203","Kevin Garnett",392,"PF",39,"MIN",38,38,14.6,1.4,3,0.47,0,0,0,1.4,3,0.474,0.47,0.4,0.6,0.667,0.4,3.6,3.9,1.6,0.7,0.3,0.4,1.8,3.2,"Minnesota Timberwolves",8500000,6.6364
"152","Jason Thompson",394,"C",29,"TOT",47,7,10,1.1,2.3,0.481,0.1,0.3,0.333,1,2,0.505,0.505,0.8,1.1,0.704,0.7,2.2,2.9,0.6,0.3,0.4,0.3,1.7,3.1,"Toronto Raptors",245177,5.4641
"299","Rashad Vaughn",395,"SG",19,"MIL",70,6,14.3,1.2,3.8,0.305,0.6,2.1,0.293,0.5,1.7,0.319,0.385,0.2,0.2,0.8,0.2,1.1,1.3,0.6,0.4,0.2,0.4,1,3.1,"Milwaukee Bucks",1733040,3.2802
"209","Kirk Hinrich",397,"PG",35,"TOT",46,7,13.7,1.1,2.8,0.38,0.5,1.3,0.387,0.5,1.5,0.373,0.473,0.3,0.3,0.938,0.2,1.3,1.5,1.6,0.3,0,0.7,1.4,3,"Chicago Bulls",2854940,4.22862
"344","Thanasis Antetokounmpo",396,"SF",23,"NYK",2,0,3,1.5,2,0.75,0,0.5,0,1.5,1.5,1,0.75,0,0,0.747632707774799,0,0.5,0.5,0,0,0,0,1,3,"New York Knicks",30888,4.5
"7","Alan Williams",403,"PF",23,"PHO",10,0,6.8,1,2.4,0.417,0,0,0.293816618911175,1,2.4,0.417,0.417,0.9,1.4,0.643,1.4,2.4,3.8,0.5,0.4,0.5,0.6,1.5,2.9,"Phoenix Suns",83397,4.69125
"62","Chris Johnson",400,"SF",25,"UTA",70,2,12.2,1,2.8,0.371,0.4,1.4,0.273,0.6,1.4,0.474,0.441,0.5,0.6,0.81,0.4,1.5,1.9,0.6,0.5,0.3,0.6,1.4,2.9,"Utah Jazz",981348,3.93372
"20","Andrew Goudelock",404,"PG",27,"HOU",8,0,6.3,1.1,2.5,0.45,0.1,1.1,0.111,1,1.4,0.727,0.475,0.4,0.5,0.75,0.1,0.1,0.3,0.5,0.8,0.3,0.9,0.5,2.8,"Houston Rockets",200600,3.19675
"63","Chris Kaman",407,"C",33,"POR",16,2,7,1.3,2.7,0.465,0.1,0.3,0.25,1.2,2.4,0.487,0.477,0.2,0.2,1,0.4,1.1,1.5,0.7,0.1,0.1,0.5,0.9,2.8,"Portland Trail Blazers",5016000,3.52503
"71","Cory Jefferson",406,"PF",25,"PHO",8,0,6.3,1.1,2.8,0.409,0,0.1,0,1.1,2.6,0.429,0.409,0.5,0.8,0.667,0.8,1.3,2,0,0,0.1,0,1,2.8,"Phoenix Suns",49709,3.12476
"184","Josh Huestis",405,"PF",24,"OKC",5,0,11,1,2.4,0.417,0.8,1.2,0.667,0.2,1.2,0.167,0.583,0,0.8,0,0.4,1.6,2,0,0.2,0.4,0.6,0.6,2.8,"Oklahoma City Thunder",1140240,4.40748
"101","Drew Gooden",411,"PF",34,"WAS",30,0,10.2,1.1,3.4,0.32,0.2,1.4,0.171,0.9,2.1,0.419,0.354,0.3,0.5,0.643,0.9,1.9,2.8,0.4,0.3,0.4,0.4,1.3,2.7,"Washington Wizards",3300000,3.363
"294","R.J. Hunter",412,"SG",22,"BOS",36,0,8.8,1,2.7,0.367,0.5,1.8,0.302,0.5,1,0.486,0.464,0.2,0.2,0.857,0.1,1,1,0.4,0.4,0.1,0.3,0.8,2.7,"Boston Celtics",1148640,3.30368
"13","Anderson Varejao",415,"C",33,"TOT",53,0,9.4,1,2.3,0.427,0,0,0,1,2.3,0.431,0.427,0.6,0.9,0.64,0.7,2,2.7,0.7,0.3,0.2,0.4,1.3,2.6,"Golden State Warriors",289755,3.94975
"213","Kostas Papanikolaou",414,"SF",25,"DEN",26,6,11.3,0.9,2.5,0.364,0.4,1.2,0.313,0.5,1.3,0.412,0.439,0.3,0.5,0.643,0.3,1.2,1.5,0.6,0.5,0.2,0.8,0.9,2.6,"Denver Nuggets",800321,3.22226
"4","Adreian Payne",418,"PF",24,"MIN",52,2,9.3,1,2.8,0.366,0.2,0.6,0.281,0.8,2.2,0.389,0.397,0.3,0.5,0.654,0.4,1.8,2.1,0.6,0.3,0.2,0.7,1.5,2.5,"Minnesota Timberwolves",1938840,3.04102
"229","Lorenzo Brown",417,"PG",25,"PHO",8,0,7.6,1,3.1,0.32,0.1,1,0.125,0.9,2.1,0.412,0.34,0.4,0.5,0.75,0,0.9,0.9,1.4,0.4,0.1,1.1,0.5,2.5,"Phoenix Suns",111444,2.278
"285","Pablo Prigioni",420,"PG",38,"LAC",59,3,13.9,0.9,2.5,0.374,0.5,1.6,0.295,0.5,0.9,0.519,0.469,0.1,0.1,0.875,0.6,1.3,1.9,2.2,0.9,0,0.8,1.4,2.5,"LA Clippers",947726,4.89636
"330","Sonny Weems",421,"SG",29,"TOT",43,0,11.6,1,2.6,0.382,0.3,1,0.366,0.6,1.6,0.391,0.45,0.2,0.3,0.533,0.2,1.1,1.2,1.1,0.2,0,1,1.1,2.5,"Phoenix Suns",2814000,2.7855
"148","Jarell Eddie",422,"SF",24,"WAS",26,0,5.7,0.8,2.5,0.308,0.6,1.8,0.319,0.2,0.7,0.278,0.423,0.3,0.3,1,0.1,0.8,0.9,0.2,0.2,0,0,0.2,2.4,"Washington Wizards",561716,2.5803
"158","Jeremy Evans",423,"SF",28,"DAL",30,2,8.4,0.9,1.6,0.542,0.1,0.5,0.25,0.7,1.1,0.688,0.583,0.5,0.7,0.714,0.4,1.4,1.8,0.1,0.2,0.3,0.2,0.6,2.4,"Dallas Mavericks",1100602,4.23841
"192","K.J. McDaniels",426,"SF",22,"HOU",37,1,6.4,0.8,1.9,0.403,0.2,0.7,0.28,0.6,1.3,0.468,0.451,0.6,0.8,0.8,0.4,0.7,1.1,0.3,0.2,0.2,0.5,0.8,2.4,"Houston Rockets",3189794,2.70149
"323","Sergey Karasev",425,"SF",22,"BRK",40,5,10,0.8,1.9,0.405,0.3,0.9,0.297,0.5,0.9,0.514,0.48,0.7,0.7,0.929,0.2,1.3,1.5,0.9,0.2,0.1,0.6,0.7,2.4,"Brooklyn Nets",1599840,3.3552
"336","Steve Novak",427,"PF",32,"TOT",10,0,4.4,0.8,1.8,0.444,0.7,1.5,0.467,0.1,0.3,0.333,0.639,0.1,0.1,1,0,0.5,0.5,0,0,0,0.1,0.3,2.4,"Oklahoma City Thunder",295327,3.02886
"364","Tyler Hansbrough",424,"PF",30,"CHO",44,0,7.8,0.7,1.6,0.451,0,0.1,0.667,0.7,1.5,0.441,0.465,0.9,1.5,0.585,0.9,1.1,2,0.2,0.3,0.2,0.3,1.3,2.4,"Charlotte Hornets",947276,3.4782
"77","Damjan Rudez",430,"SF",29,"MIN",33,0,8.4,0.8,1.9,0.403,0.5,1.5,0.34,0.2,0.4,0.667,0.54,0.2,0.2,1,0.2,0.5,0.6,0.3,0.1,0,0.4,1,2.3,"Minnesota Timberwolves",1149500,2.5866
"372","Walter Tavares",431,"C",23,"ATL",11,0,6.6,1,1.7,0.579,0,0,0.293816618911175,1,1.7,0.579,0.579,0.3,0.7,0.375,0.6,1.3,1.9,0.3,0.1,0.5,0.5,0.7,2.3,"Atlanta Hawks",1000000,4.15143
"231","Lucas Nogueira",432,"C",23,"TOR",29,1,7.8,1,1.5,0.636,0,0.1,0.333,0.9,1.4,0.659,0.648,0.3,0.5,0.533,0.6,1,1.6,0.2,0.4,0.4,0.4,1,2.2,"Toronto Raptors",1842000,4.57488
"61","Chris Copeland",435,"PF",31,"MIL",24,1,6.5,0.7,2.1,0.333,0.4,1.5,0.278,0.3,0.6,0.467,0.431,0.3,0.3,0.857,0,0.4,0.4,0.5,0.1,0,0.3,0.7,2.1,"Milwaukee Bucks",1150000,2.01277
"86","DeJuan Blair",433,"C",26,"WAS",29,0,7.5,1,2.3,0.412,0,0,0,1,2.3,0.418,0.412,0.2,0.4,0.385,0.7,1.3,2,0.4,0.3,0.1,0.5,1.8,2.1,"Washington Wizards",2000000,2.75216
"269","Nick Collison",434,"PF",35,"OKC",59,4,11.8,0.8,1.8,0.459,0,0,0,0.8,1.8,0.467,0.459,0.4,0.6,0.697,1.2,1.7,2.9,0.9,0.3,0.3,0.8,1.8,2.1,"Oklahoma City Thunder",3750000,3.84183
"347","Tibor Pleiss",439,"C",26,"UTA",12,0,6.8,0.9,2.1,0.44,0,0.2,0,0.9,1.9,0.478,0.44,0.2,0.2,1,0.5,0.8,1.3,0.2,0.1,0.2,0.7,1.6,2,"Utah Jazz",2900000,2.112
"76","Damien Inglis",445,"SF",20,"MIL",20,1,7.8,0.7,1.9,0.351,0.2,0.7,0.231,0.5,1.2,0.417,0.392,0.4,0.4,0.875,0.1,1.5,1.6,0.5,0.3,0.2,0.6,0.6,1.8,"Milwaukee Bucks",855000,2.28536
"106","Elijah Millsap",447,"SG",28,"UTA",20,0,8.7,0.6,2,0.282,0.1,0.6,0.083,0.5,1.4,0.37,0.295,0.7,0.9,0.722,0.3,1.5,1.8,1,0.4,0.2,0.5,1.7,1.8,"Utah Jazz",845059,2.124
"153","Jeff Ayres",442,"C",28,"LAC",17,0,6.3,0.7,1.4,0.522,0,0.1,0,0.7,1.3,0.545,0.522,0.4,0.4,1,0.2,1.1,1.3,0.3,0,0.2,0.4,1.1,1.8,"LA Clippers",111444,2.57346
"182","Jorge Gutierrez",444,"PG",27,"CHO",12,0,5.3,0.5,0.9,0.545,0,0.2,0,0.5,0.8,0.667,0.545,0.8,0.9,0.909,0,0.6,0.6,1.4,0.3,0,0.5,0.3,1.8,"Charlotte Hornets",189455,3.1392
"207","Kevon Looney",446,"PF",19,"GSW",5,0,4.2,0.8,1.4,0.571,0.2,0.4,0.5,0.6,1,0.6,0.643,0,0,0.747632707774799,0.8,1.2,2,0,0,0,0.2,0.4,1.8,"Golden State Warriors",1131960,3.39504
"230","Lou Amundson",441,"PF",33,"NYK",29,0,7,0.7,1.8,0.358,0,0,0.293816618911175,0.7,1.8,0.358,0.358,0.5,0.9,0.519,0.8,0.9,1.7,0.4,0.2,0.2,0.5,1.5,1.8,"New York Knicks",1635476,2.06924
"341","Terry Rozier",448,"PG",21,"BOS",39,0,8,0.7,2.7,0.274,0.2,0.7,0.222,0.6,2,0.291,0.302,0.2,0.3,0.8,0.6,1,1.6,0.9,0.2,0,0.5,0.6,1.8,"Boston Celtics",1824360,1.81502
"107","Elliot Williams",452,"PG",26,"MEM",5,0,9,0.4,2,0.2,0.2,0.8,0.25,0.2,1.2,0.167,0.25,0.6,0.8,0.75,0.2,0.6,0.8,0.8,0,0,0.2,0.4,1.6,"Memphis Grizzlies",55722,1.17
"265","Nazr Mohammed",450,"C",38,"OKC",5,0,3.8,0.6,1,0.6,0,0,0.293816618911175,0.6,1,0.6,0.6,0.4,0.4,1,0.2,0.6,0.8,0,0,0,0.6,0.8,1.6,"Oklahoma City Thunder",222888,1.656
"162","Jimmer Fredette",454,"SG",26,"TOT",6,0,3,0.3,0.8,0.4,0.2,0.3,0.5,0.2,0.5,0.333,0.5,0.7,0.8,0.8,0,0,0,0.2,0.2,0,0.3,0.3,1.5,"New York Knicks",874837,1.43
"315","Russ Smith",455,"PG",24,"MEM",15,0,4.4,0.5,1.5,0.318,0.1,0.3,0.2,0.4,1.1,0.353,0.341,0.5,0.9,0.615,0.1,0.5,0.6,0.7,0.3,0.1,0.5,0.3,1.5,"Memphis Grizzlies",845059,1.49017
"112","Erick Green",456,"PG",24,"TOT",9,0,4.7,0.6,1.4,0.385,0.1,0.6,0.2,0.4,0.9,0.5,0.423,0.2,0.2,1,0.3,0.3,0.7,0.3,0.1,0,0,0.4,1.4,"Utah Jazz",99418,1.69623
"181","Jordan Mickey",459,"PF",21,"BOS",16,0,3.6,0.5,1.4,0.364,0,0,0.293816618911175,0.5,1.4,0.364,0.364,0.3,0.6,0.5,0.4,0.4,0.8,0.1,0,0.7,0.1,0.3,1.3,"Boston Celtics",1170960,1.69988
"260","Mitch McGary",458,"PF",23,"OKC",20,0,3.6,0.6,1.2,0.478,0,0.2,0,0.6,1,0.579,0.478,0.2,0.5,0.4,0.2,0.7,0.9,0.2,0.1,0.1,0.4,0.5,1.3,"Oklahoma City Thunder",1463040,1.6252
"195","Keith Appling",461,"PG",23,"ORL",5,0,5.4,0.4,1.6,0.25,0,0.6,0,0.4,1,0.4,0.25,0.4,0.4,1,0,0.2,0.2,0.2,0.2,0,0.6,1,1.2,"Orlando Magic",61776,0.505
"232","Luis Montero",462,"SG",22,"POR",12,0,3.5,0.4,1.6,0.263,0.1,0.8,0.111,0.3,0.8,0.4,0.289,0.3,0.3,0.75,0,0.3,0.3,0.1,0,0,0.3,0.1,1.2,"Portland Trail Blazers",525093,0.61557
"286","Pat Connaughton",463,"SG",23,"POR",34,0,4.2,0.4,1.4,0.265,0.1,0.6,0.238,0.2,0.8,0.286,0.316,0.1,0.1,1,0.3,0.6,0.9,0.3,0.1,0,0.3,0.2,1.1,"Portland Trail Blazers",625093,1.00172
"47","Bryce Cotton",464,"PG",23,"TOT",8,0,4.9,0.5,1.3,0.4,0,0.4,0,0.5,0.9,0.571,0.4,0,0,0.747632707774799,0,0,0,0.4,0.4,0,0.6,0.3,1,"Memphis Grizzlies",700902,0.848
"144","James Young",467,"SG",20,"BOS",29,0,6.9,0.4,1.2,0.306,0.2,0.9,0.231,0.2,0.3,0.5,0.389,0,0.1,0.25,0.1,0.8,0.9,0.3,0.2,0,0.2,0.6,1,"Boston Celtics",1749840,1.31093
"3","Aaron Harrison",469,"SG",21,"CHO",21,0,4.4,0.2,0.9,0.263,0.1,0.5,0.3,0.1,0.4,0.222,0.342,0.2,0.6,0.417,0.2,0.5,0.7,0.1,0.3,0,0.2,0.5,0.9,"Charlotte Hornets",525093,0.9747
"169","Joel Anthony",468,"C",33,"DET",19,0,5.1,0.3,0.5,0.6,0,0,0.293816618911175,0.3,0.5,0.6,0.6,0.3,0.4,0.75,0.4,0.7,1.1,0.1,0.1,0.6,0.1,0.8,0.9,"Detroit Pistons",2500000,2.586
"320","Sasha Kaun",470,"C",30,"CLE",25,0,3.8,0.4,0.7,0.529,0,0,0.293816618911175,0.4,0.7,0.529,0.529,0.2,0.4,0.455,0.5,0.6,1,0.1,0.2,0.2,0.3,0.4,0.9,"Cleveland Cavaliers",1276000,1.70867
"46","Bruno Caboclo",473,"SF",20,"TOR",6,1,7.2,0.2,2,0.083,0.2,1.2,0.143,0,0.8,0,0.125,0,0,0.747632707774799,0.2,0.2,0.3,0.2,0.3,0.2,0.7,0.3,0.5,"Toronto Raptors",1524000,0.1625
"319","Sam Dekker",474,"SF",21,"HOU",3,0,2,0,0,0,0,0,0,0,0,0,0,0,0,0,0,0.3,0.3,0,0.3,0,0,0,0,"Houston Rockets",1646400,0
